SW,CH,DBI,S_Dbw,Q,MQ,AVI,AVU,ANUI,month,net,method,k,nclust,minsize
0.24763621926613497,735.1752431042148,1.393789599132456,0.8433548053050933,0.5512712418099514,0.9054441329034448,0.8296204808791907,0.7782041142109994,0.8030901796439767,2023-12,cos,kmeans,4,4,145
0.214333721206316,617.1255952994268,1.3644873653561451,0.8467613844128894,0.6171332102225235,0.884089265339182,0.793339027607577,0.8288604554313075,0.8107108337897053,2023-12,cos,kmeans,6,6,109
0.20423665037243,536.5930259675742,1.4002444099358664,0.6557974062024678,0.6153799778653315,0.8483839424928761,0.7388232540825982,0.85752004492447,0.7937587741005709,2023-12,cos,kmeans,8,8,72
0.19493358795248192,477.3121927830716,1.4289318338991353,0.4384678934500443,0.5880445018414858,0.8117809984141159,0.6863683679947286,0.8737863266976031,0.7688202933612669,2023-12,cos,kmeans,10,10,63
0.22377044786627312,639.5372547141899,1.456277070348867,0.916912731270577,0.5565581811651644,0.9176716446418499,0.8493234395568031,0.7852822851302926,0.8160483489768161,2023-12,cos,ward,4,4,106
0.17946987872106437,527.0084673271119,1.453896841621997,0.7523024693721146,0.5959200326929546,0.8793073145525533,0.7872353211672652,0.8303521506008598,0.8082190958678445,2023-12,cos,ward,6,6,106
0.14291735124687385,446.5573529746882,1.548668365551577,0.7193135846425868,0.5933256631353705,0.8384800858400773,0.7261022183739796,0.8573466565637997,0.7862853283097729,2023-12,cos,ward,8,8,106
0.14602405324803966,401.28578501317924,1.6850137401582033,0.508655460679382,0.590275804674855,0.8111371143860691,0.6867850886085931,0.8734696454817243,0.7689589587670147,2023-12,cos,ward,10,10,89
0.18437173567666795,555.5178982804525,1.4772288214266558,0.9142529929320862,0.605934179719772,0.9501153704304133,0.9053043705542521,0.7944980117166648,0.8462895803715844,2023-12,cos,spectral,4,4,144
0.12993998819615535,469.5998602658842,1.6053824841168094,0.9018278300037041,0.6808852640081997,0.9269375850669824,0.8641010453670126,0.8401404172469777,0.8519522951686296,2023-12,cos,spectral,6,6,131
0.1372118131669137,448.6141914949883,1.4738409718163732,0.7770151874952204,0.7028128502119971,0.9119312905659269,0.8389667092353139,0.8700591117724283,0.8542300775924676,2023-12,cos,spectral,8,8,127
0.12117639705452514,382.8831306867293,1.4970031192829336,0.398772256603727,0.7121927734062838,0.9058707423927442,0.8284970283657304,0.8927929838537392,0.8594441713101111,2023-12,cos,spectral,10,10,64
0.2451354944912674,710.4745136782179,1.4534309238195502,1.1405078499667145,0.6170429513686659,0.944675978563043,0.8961681415602579,0.7872518449705767,0.8381865826609922,2023-12,cos,sgc,4,4,188
0.20839445826698896,594.3204210614243,1.4176390219303967,0.7461486265976167,0.672952814630142,0.9191914507377034,0.8513959980234893,0.8378313913323364,0.8445592323368645,2023-12,cos,sgc,6,6,137
0.1911930456653112,516.7880038615742,1.4511675098181875,0.5122602565233291,0.6860796924760828,0.8978571886143208,0.8155114259319896,0.8669935382158894,0.8404648446097506,2023-12,cos,sgc,8,8,116
0.1838419681683707,451.63193940439857,1.5117110362596253,0.42913701088017503,0.6813698445775076,0.8781780324321691,0.7840931449451417,0.8885566665432348,0.8330628280303148,2023-12,cos,sgc,10,10,60
0.24602987994435965,720.6268354970379,1.43273228890613,1.092212774856787,0.5920033770824517,0.9288233135446918,0.8690111182520471,0.7829591947514535,0.8237439135806423,2023-12,cos,fused,4,4,172
0.2178281167735892,609.4437126932996,1.393232819974276,0.8034669472345438,0.6407842946075618,0.8997301443101549,0.818730440727209,0.8327851390944696,0.8256979858889276,2023-12,cos,fused,6,6,116
0.20242941650973875,532.3453294112943,1.3911506111226286,0.5098373852041176,0.6479311884143013,0.874478917694635,0.7780718223219738,0.8615245013754798,0.8176743617577575,2023-12,cos,fused,8,8,110
0.19044444825498377,471.81997502469244,1.4061374424021085,0.4503570939285537,0.6265892734286932,0.8294902558804849,0.713584292903789,0.880392302058414,0.7882601542926608,2023-12,cos,fused,10,10,58
0.236809463948455,649.3027594972332,1.4458619926539453,1.1069745076069746,0.6269430753817375,0.9527715126318635,0.910435417566861,0.7910493420818765,0.8465539688084681,2023-12,cos,leiden,4,4,197
0.17291956204702963,523.539414329331,1.470229875666435,1.06984660539154,0.6904824309143147,0.9313245240165409,0.8727669006892635,0.8423700987067511,0.8572991434970728,2023-12,cos,leiden,6,6,196
0.13091639724082482,442.08989786285224,1.6034567354070508,0.6900448557760788,0.7173392832731245,0.914490504776774,0.8437476431816138,0.8713107872764418,0.8573077280480038,2023-12,cos,leiden,8,8,149
0.12501275226274497,382.1800545733268,1.6071752412082776,0.5257744062513485,0.726251745256945,0.9056454727034475,0.8286453398950829,0.8925889508739033,0.8594293973223445,2023-12,cos,leiden,10,10,138
0.24763621926613497,735.1752431042148,1.393789599132456,0.8433548053050933,0.5863288759541712,0.9331161761076674,0.8757339220969295,0.7862824784391831,0.8286010156062408,2023-12,rbf,kmeans,4,4,145
0.214333721206316,617.1255952994268,1.3644873653561451,0.8467613844128894,0.6555515550651397,0.9105629970472849,0.8372243722739775,0.8362657123030884,0.836744767703514,2023-12,rbf,kmeans,6,6,109
0.20423665037243,536.5930259675742,1.4002444099358664,0.6557974062024678,0.6633482165689717,0.8860499981560223,0.7970341324222383,0.865688986470039,0.8299441589985147,2023-12,rbf,kmeans,8,8,72
0.19493358795248192,477.3121927830716,1.4289318338991353,0.4384678934500443,0.6606929665191716,0.8638172851526089,0.7630332618866692,0.8859053715261489,0.8198913551549689,2023-12,rbf,kmeans,10,10,63
0.22377044786627312,639.5372547141899,1.456277070348867,0.916912731270577,0.5667594257284313,0.9316256471484838,0.8726597714995799,0.7880402117894387,0.8281941326816479,2023-12,rbf,ward,4,4,106
0.17946987872106437,527.0084673271119,1.453896841621997,0.7523024693721146,0.6285213660964855,0.9060271593396653,0.8310742320304428,0.8374476340618952,0.8342487605191111,2023-12,rbf,ward,6,6,106
0.14291735124687385,446.5573529746882,1.548668365551577,0.7193135846425868,0.6369771827022632,0.873280250943971,0.7796021617926843,0.8651790481014306,0.8201643503461759,2023-12,rbf,ward,8,8,106
0.14602405324803966,401.28578501317924,1.6850137401582033,0.508655460679382,0.6442933142231815,0.8483142456471219,0.7418026458950652,0.8828169056781151,0.8061898748397751,2023-12,rbf,ward,10,10,89
0.17033232149594843,548.4108445045871,1.3487627199661332,1.2608719834001005,0.5796611021618708,0.954793388014221,0.9135736839793257,0.7979200770031574,0.851839253974209,2023-12,rbf,spectral,4,4,109
0.1649594295487812,519.8935583257111,1.3376072285237914,0.7012742370845029,0.6476524371797383,0.9274948730818154,0.8653367256171401,0.8439620653885527,0.8545157511967716,2023-12,rbf,spectral,6,6,90
0.1573227288422362,478.2572645013973,1.3690001261267062,0.5516379464252964,0.6799968528511396,0.9102607109678904,0.8359246123605346,0.8712634625369379,0.8532282797586903,2023-12,rbf,spectral,8,8,77
0.14051497641065983,416.1864753224993,1.369867108660927,0.40523741241075306,0.6871637297466164,0.8990723095040825,0.8173060472073816,0.8920494014561233,0.8530436086741731,2023-12,rbf,spectral,10,10,60
0.24821676064983397,732.7103942072428,1.3824276298090976,0.9541597335326345,0.5961729857244397,0.940116440689135,0.8878424748057936,0.7886331572271827,0.8353023457632913,2023-12,rbf,sgc,4,4,140
0.21275084035326305,614.6404567060927,1.3589050286442774,0.8247535386281237,0.6659601181221597,0.9183539471712,0.8503318225117539,0.838302203159345,0.8442741640769514,2023-12,rbf,sgc,6,6,110
0.20199132965641486,533.8392841656271,1.4086552601559088,0.6311731638810498,0.6754521053812127,0.8940781340694113,0.8100509638167808,0.8669501248660312,0.8375352752811674,2023-12,rbf,sgc,8,8,95
0.18899175592461348,473.72406759076426,1.4515632256928521,0.4207150574193224,0.6755251690306502,0.874005111314738,0.7788693661904065,0.887071973064866,0.8294567991628689,2023-12,rbf,sgc,10,10,87
0.24845985832946815,732.0747370157663,1.3888927508572617,0.9421907469935366,0.5929767700361818,0.9388144567997956,0.8855824634393741,0.7879760368714932,0.8339329156809442,2023-12,rbf,fused,4,4,146
0.2128665374016069,613.9438173828734,1.3577896949969819,0.8994496617538152,0.659907937295951,0.9145654066769149,0.8444380246744455,0.8372916035172584,0.8408496299258815,2023-12,rbf,fused,6,6,122
0.1971674198791164,532.377818883048,1.367829606118745,0.5780124824151143,0.6786882393832319,0.8958900558947733,0.8128455308051279,0.8673637863865952,0.8392201735013816,2023-12,rbf,fused,8,8,115
0.19580119016828357,473.38599105118914,1.458490151391201,0.4726598930954664,0.6660566012945144,0.8635156094624661,0.7630531074567841,0.8875035210958945,0.8205865923479109,2023-12,rbf,fused,10,10,54
0.23896795515118538,689.6086682722241,1.4178608672588908,0.9175591646365238,0.6130184991770752,0.9483548876576142,0.9023202441868365,0.7899743050822604,0.84241813361698,2023-12,rbf,leiden,4,4,160
0.1816564484782072,548.2776129552091,1.4113834593078949,1.0328929085646856,0.671463548776737,0.9223076497417292,0.8583405554689062,0.8421493168925616,0.8501678536257016,2023-12,rbf,leiden,6,6,172
0.1498886241670414,437.64851475171895,1.5107041497205977,0.5449155300963604,0.6823870584947552,0.8949664178556502,0.8129576605838066,0.8716831807665061,0.8412968533254395,2023-12,rbf,leiden,8,8,67
0.13013493335018297,389.8836259431817,1.5362571184092073,0.4233005133816363,0.7006520718379325,0.8945364968003385,0.8117229608995803,0.891553046541039,0.8497672433305129,2023-12,rbf,leiden,10,10,89
0.24763621926613497,735.1752431042148,1.393789599132456,0.8433548053050933,0.5177276514303856,0.8864089777639822,0.7992618145443104,0.7698904413711388,0.7843012414512067,2023-12,corr,kmeans,4,4,145
0.214333721206316,617.1255952994268,1.3644873653561451,0.8467613844128894,0.5589728281987205,0.8457779447043926,0.7356396694126469,0.8156236671612705,0.7735696586505006,2023-12,corr,kmeans,6,6,109
0.20423665037243,536.5930259675742,1.4002444099358664,0.6557974062024678,0.534265651591012,0.7913818719935456,0.6588626701093588,0.840926112709084,0.7388438029822129,2023-12,corr,kmeans,8,8,72
0.19493358795248192,477.3121927830716,1.4289318338991353,0.4384678934500443,0.5019290111956746,0.742498485933418,0.5963702791992735,0.855194207691364,0.7027072004257071,2023-12,corr,kmeans,10,10,63
0.22377044786627312,639.5372547141899,1.456277070348867,0.916912731270577,0.5179695745645428,0.8943053431942272,0.8110553777167941,0.7769298128064719,0.7936259186109357,2023-12,corr,ward,4,4,106
0.17946987872106437,527.0084673271119,1.453896841621997,0.7523024693721146,0.5505287333273545,0.8510352170963342,0.7448380093397432,0.8205601224937268,0.780867634568548,2023-12,corr,ward,6,6,106
0.14291735124687385,446.5573529746882,1.548668365551577,0.7193135846425868,0.5163840363567469,0.7703871385597043,0.6398274781646941,0.8390051202810387,0.726003106559216,2023-12,corr,ward,8,8,106
0.14602405324803966,401.28578501317924,1.6850137401582033,0.508655460679382,0.5073686645638282,0.7391686136094819,0.5975476684684506,0.8544837590667067,0.7032833701690021,2023-12,corr,ward,10,10,89
0.1453331755607539,496.127202976605,1.5922170502990691,1.0311874572303106,0.5871081960870943,0.9417879513378681,0.8903518575776184,0.7926852456228336,0.8386847557575007,2023-12,corr,spectral,4,4,162
0.11975097571900296,387.7651436888088,1.711317290694317,0.7263084752788954,0.6689591943308253,0.928944095505714,0.8678090660650807,0.843697440047341,0.855583411308939,2023-12,corr,spectral,6,6,97
0.10251115617024065,381.28543132364484,1.6217312818624858,0.5408106785264212,0.7044260146417929,0.9189748681631925,0.850722860304687,0.8731135707206968,0.8617728003486909,2023-12,corr,spectral,8,8,89
0.06312150116889927,327.29758471326613,1.8137221711265756,0.4942152950990094,0.7056414333192573,0.8952429437019,0.811747734076449,0.889574448188592,0.8488810057688161,2023-12,corr,spectral,10,10,142
0.23897086136594534,697.1359419307918,1.471248565440085,1.0780452438202068,0.5900855917286987,0.9318841008623682,0.8740989788250719,0.781808186452695,0.8253817022409435,2023-12,corr,sgc,4,4,180
0.19651093477043,573.8300644262637,1.4268671452594004,0.720747618323884,0.6475810166900839,0.9062922742948997,0.8300043585604605,0.8331993314608522,0.8315987762784384,2023-12,corr,sgc,6,6,146
0.16353226708797558,480.9854248340233,1.4747432366917281,0.5640761545021953,0.6672505932797064,0.8877301108459681,0.7998265496988712,0.8651075807006795,0.8311872509018671,2023-12,corr,sgc,8,8,127
0.16575013095804508,428.5439416722342,1.599888658305815,0.5159372945371998,0.6462398079015828,0.8593213684535602,0.7551502929256657,0.8837341969772062,0.8143980150241198,2023-12,corr,sgc,10,10,61
0.2459687850329861,723.0527191553983,1.4295095348851474,0.9067528974052523,0.5552160631693552,0.9091601216582149,0.8361994228544394,0.7742374734240779,0.8040264476368824,2023-12,corr,fused,4,4,178
0.2140825256019003,606.8141545454771,1.356753062104003,0.8347781887936621,0.6023230741880037,0.8755875474814906,0.7805716934457892,0.8256847274977366,0.8024946921192628,2023-12,corr,fused,6,6,115
0.20087756293746736,529.3935174162175,1.406638529772052,0.4803333151200075,0.5826142741038645,0.8291279520035673,0.7113019303030431,0.8498378706917105,0.7744230433201106,2023-12,corr,fused,8,8,109
0.18553668885030672,472.08640220120725,1.4576091078750053,0.4368359236426836,0.5451221180483665,0.778283011056462,0.641623597628013,0.8642407160292944,0.7364770283827181,2023-12,corr,fused,10,10,76
0.18258545446238214,529.7885015209063,1.744961944090431,1.1914424295817798,0.63704599865374,0.9494163346477246,0.9041187170661753,0.7851088744129827,0.8404215416225312,2023-12,corr,leiden,4,4,279
0.07232500087476276,394.959602254953,2.340345145868955,0.9061022782612299,0.6982749540853596,0.9295738710117539,0.8688261994908593,0.8390345972142073,0.8536705588007296,2023-12,corr,leiden,6,6,265
0.09374116821363862,377.8264631713124,2.023451803269961,0.8573590020472328,0.693600365972735,0.9236781141853204,0.8593741390223189,0.8603452766384068,0.859859433625751,2023-12,corr,leiden,8,7,163
0.06710967922288415,301.521884164469,1.8655823960554596,0.5351153310791362,0.7110255808921029,0.9044482417367977,0.8270458731295527,0.8953793653913753,0.859857127578739,2023-12,corr,leiden,10,10,38
0.24763621926613497,735.1752431042148,1.393789599132456,0.8433548053050933,0.5416109052235708,0.9084278687518761,0.8339955633261154,0.7754418377055103,0.8036535647163517,2023-12,dtw,kmeans,4,4,145
0.214333721206316,617.1255952994268,1.3644873653561451,0.8467613844128894,0.5912479101389414,0.8690390237295139,0.7722523202705994,0.8225552493332978,0.7966104650553825,2023-12,dtw,kmeans,6,6,109
0.20423665037243,536.5930259675742,1.4002444099358664,0.6557974062024678,0.5676096039210046,0.8194482156750225,0.699433169369857,0.8467113281826519,0.7660577504227193,2023-12,dtw,kmeans,8,8,72
0.19493358795248192,477.3121927830716,1.4289318338991353,0.4384678934500443,0.5534356548055329,0.7808672977640045,0.6478529691825938,0.865026267954265,0.7408520420642695,2023-12,dtw,kmeans,10,10,63
0.22377044786627312,639.5372547141899,1.456277070348867,0.916912731270577,0.5259542726309394,0.9039270754381536,0.8263937804367536,0.7777220099490487,0.8013195004778161,2023-12,dtw,ward,4,4,106
0.17946987872106437,527.0084673271119,1.453896841621997,0.7523024693721146,0.5814878093512391,0.8732097660139124,0.7798180927075616,0.8268412370270383,0.8026415363815739,2023-12,dtw,ward,6,6,106
0.14291735124687385,446.5573529746882,1.548668365551577,0.7193135846425868,0.5533771843451996,0.798152582517845,0.6790841358016906,0.8441338805484802,0.7526669467137327,2023-12,dtw,ward,8,8,106
0.14602405324803966,401.28578501317924,1.6850137401582033,0.508655460679382,0.5492952794859801,0.7668902644951723,0.6350134159552858,0.8618065244828104,0.7312285068086978,2023-12,dtw,ward,10,10,89
0.14994138101921753,586.9840743963456,1.8493681408132367,0.7286018654357715,0.6160375740564076,0.9356634411049862,0.8809179093551376,0.7800625635070835,0.8274282495643241,2023-12,dtw,spectral,4,4,313
0.1277614770981267,444.95035429307535,1.5301164053655294,0.9243611514201842,0.6569811258617958,0.9297317018932842,0.8693946489882128,0.8423491743933423,0.8556582530557114,2023-12,dtw,spectral,6,6,102
0.09486850871022906,390.72584658359796,1.7503968616384218,0.5786791171972814,0.6828166006257352,0.8997772824351786,0.8221432105419366,0.8683942831926093,0.8446360600055631,2023-12,dtw,spectral,8,8,142
0.08696057479514595,354.7518537174544,1.7811984909254526,0.4640679266058622,0.6783532383438876,0.884187119612462,0.7950256683281118,0.8876363448651665,0.8387824444543074,2023-12,dtw,spectral,10,10,120
0.24228805380328736,722.5531671736958,1.4045976935788722,0.869543593199846,0.57326659676828,0.9301376018111066,0.8703125834373837,0.7828600609483092,0.8242732111825343,2023-12,dtw,sgc,4,4,143
0.20177418869969543,595.6457068316539,1.4097342746413635,0.8744011889761683,0.6493181472801823,0.9061157550030946,0.8304044119967898,0.8335024861063555,0.8319505648562899,2023-12,dtw,sgc,6,6,120
0.18575972359663517,515.4277866827438,1.4358344360774264,0.6330549147608248,0.6425031905628801,0.870479045633045,0.7731200098789767,0.8599572230659979,0.8142298764314182,2023-12,dtw,sgc,8,8,106
0.17823597386957477,455.1827447895869,1.5195836917254968,0.4377966171984498,0.6336632481345825,0.8428778198065381,0.7325872982595574,0.8809027126193827,0.799928272150138,2023-12,dtw,sgc,10,10,45
0.2466026742635013,727.6017524277113,1.3899163542917077,0.9235903065557511,0.562304727964519,0.9217081602247978,0.8564223124948487,0.7809049589919121,0.8169221174833984,2023-12,dtw,fused,4,4,145
0.21007202578841982,610.3500563674314,1.3743715585768743,0.7504782920137596,0.6193036204761176,0.8901583188033136,0.8046839172927301,0.8282066552548398,0.8162758569157591,2023-12,dtw,fused,6,6,126
0.2000268722230397,526.1784143011081,1.4922180366489808,0.6695112098315051,0.5876345384433558,0.828841089562055,0.7145424227542909,0.8498846798870627,0.7763591633033575,2023-12,dtw,fused,8,8,105
0.19153127268668937,472.002785153604,1.4590387298845342,0.5136933123336731,0.5823715774994501,0.8020686859498575,0.676232321814062,0.8698581897069063,0.7609208114154059,2023-12,dtw,fused,10,10,81
0.15203380372626957,535.6757766904801,1.8485919110062443,0.8114765378994133,0.6171195034166274,0.9402739602587189,0.8887602305936428,0.7839376387865991,0.8330644874638913,2023-12,dtw,leiden,4,4,278
0.1413952832118323,480.477175184629,1.6885150757464078,0.849155479270993,0.6737424543629417,0.9284827389474707,0.8674732719140957,0.8389636045088894,0.8529802808121502,2023-12,dtw,leiden,6,6,152
0.08987341449877685,365.5623846192121,1.6669110987777458,0.5748703851941923,0.6913374428582306,0.9092258626095288,0.8351550594431763,0.8699135588966853,0.8521800262768644,2023-12,dtw,leiden,8,8,85
0.08288378548491447,306.0964837299319,1.6873163799963777,0.5581303982659487,0.6912684172882211,0.8875429284821303,0.8014876652051302,0.8914138847668378,0.8440623534719028,2023-12,dtw,leiden,10,10,52
0.24763621926613497,735.1752431042148,1.393789599132456,0.8433548053050933,0.2590033695441317,0.7422043373162931,0.5949562614842394,0.7045373754098053,0.6451265493708463,2023-12,road,kmeans,4,4,145
0.214333721206316,617.1255952994268,1.3644873653561451,0.8467613844128894,0.26456017757709627,0.6248905823502137,0.4744421606662041,0.7162009194138793,0.5707771159341934,2023-12,road,kmeans,6,6,109
0.20423665037243,536.5930259675742,1.4002444099358664,0.6557974062024678,0.24124567840972833,0.5225209799054849,0.374824373635266,0.71973158046247,0.49293585736235473,2023-12,road,kmeans,8,8,72
0.19493358795248192,477.3121927830716,1.4289318338991353,0.4384678934500443,0.22109762062412364,0.45831704028982,0.3179880108081666,0.7300020490121356,0.44300400996329414,2023-12,road,kmeans,10,10,63
0.22377044786627312,639.5372547141899,1.456277070348867,0.916912731270577,0.2453292814829452,0.7307945256550652,0.5776523842981939,0.7064775242904993,0.6356030236967063,2023-12,road,ward,4,4,106
0.17946987872106437,527.0084673271119,1.453896841621997,0.7523024693721146,0.27810522318657077,0.6369726211014823,0.4957195535565498,0.7267913253736898,0.5894175300231138,2023-12,road,ward,6,6,106
0.14291735124687385,446.5573529746882,1.548668365551577,0.7193135846425868,0.23979517781549475,0.515808600527894,0.38133086632633384,0.7135120617074167,0.4970286890624035,2023-12,road,ward,8,8,106
0.14602405324803966,401.28578501317924,1.6850137401582033,0.508655460679382,0.22540234027630537,0.45376843539865364,0.3233058559509809,0.7208663715385175,0.4464020649862744,2023-12,road,ward,10,10,89
-0.020122941442981577,86.23728864447082,4.193669333830265,1.4700263048896847,0.5850300238219199,0.9914769483134943,0.983141635357811,0.8102801527117478,0.8883801454113515,2023-12,road,spectral,4,4,194
-0.00974803905983011,96.19085985056701,4.573436042472733,1.467101150810731,0.7426047162056963,0.9822637056343422,0.9655277944857517,0.8562712967253936,0.9076233933771897,2023-12,road,spectral,6,6,150
-0.070154696431037,72.67355301778206,4.849887910730151,1.3915492523686193,0.803375490039044,0.9832210527116378,0.9672560534216724,0.8875347245940153,0.9256821256179163,2023-12,road,spectral,8,8,118
-0.07359205438439685,62.47834529892011,5.567180300121139,1.276001136238063,0.8131783317655433,0.9780225837312251,0.9572032159745465,0.9078793918164688,0.9318890969580567,2023-12,road,spectral,10,10,74
0.1917785387119506,576.6865596202006,1.4638913359970116,0.8771737699830305,0.46399002804020395,0.9041772390376622,0.830357978481912,0.7720619949169777,0.8001495837595727,2023-12,road,sgc,4,4,162
0.14333548651508346,448.42811407258154,1.7041223439423734,0.9030992151586914,0.4767128852275861,0.8147430634791264,0.7026256385046171,0.7978084231057038,0.7471979836115142,2023-12,road,sgc,6,6,146
0.12926564654550263,372.98792154358404,1.7791765773125852,0.9677071864205673,0.5020871687126581,0.8144790618098288,0.7042784397970265,0.8371538296560925,0.7649890361113239,2023-12,road,sgc,8,8,27
0.11193669242356896,315.67419329847564,1.8434198336921326,0.6933620521779222,0.5117328047532378,0.7858754496525154,0.6634399320089575,0.8601878928230857,0.7491107576642096,2023-12,road,sgc,10,10,27
0.24490791454626135,721.4892499997637,1.4062930255558808,0.9268789700790621,0.3016040417477677,0.7863351147474091,0.6607823046947991,0.7177982626333017,0.6881112377895964,2023-12,road,fused,4,4,169
0.20569926703952293,607.4250245279187,1.3917842839741168,0.7912150668722545,0.30064562473357626,0.6571534953630548,0.5148512206374507,0.7278812640901907,0.6031073652634009,2023-12,road,fused,6,6,136
0.20320319491283725,533.5872463367153,1.3934244462214886,0.6227574937771196,0.2604348812018302,0.5387291845591216,0.3966904087609248,0.7247061093894641,0.512724907045655,2023-12,road,fused,8,8,108
0.1907337762860178,473.4898475037651,1.4206998640986266,0.4561488773701826,0.2384714290115664,0.474970612724736,0.33349414026270974,0.7383847347420354,0.45946792690467797,2023-12,road,fused,10,10,78
-0.04841624699433218,82.01894356738309,3.142458014563013,1.1153037715400564,0.5155422830194885,0.9972793438303206,0.9945807929283744,0.822772447093342,0.9005554394251788,2023-12,road,leiden,4,4,2
-0.07442627548993483,88.86890598559442,3.458697512642529,1.176934383102122,0.7068552246602768,0.9947563070401798,0.9895934597553868,0.8661195621967144,0.9237487089614537,2023-12,road,leiden,6,6,2
-0.10068677066348278,85.86933038859245,3.796293562372098,1.3387858740213519,0.7924666692646681,0.9920928635762929,0.9843574180656613,0.8911753190938203,0.935451585318794,2023-12,road,leiden,8,8,2
-0.09630073498250531,74.74714558669815,3.9442954457554267,1.234864505085506,0.8352393245458981,0.9869628194963045,0.9744214718762221,0.9079067543126227,0.9399889175060836,2023-12,road,leiden,10,10,2
0.24763621926613497,735.1752431042148,1.393789599132456,0.8433548053050933,0.4889937821187866,0.8782042662463105,0.786985931479829,0.7501086229786239,0.768104905001739,2023-12,hybrid,kmeans,4,4,145
0.214333721206316,617.1255952994268,1.3644873653561451,0.8467613844128894,0.5251445512626534,0.8218974156694258,0.7023160358431572,0.7921814528732708,0.7445469020197496,2023-12,hybrid,kmeans,6,6,109
0.20423665037243,536.5930259675742,1.4002444099358664,0.6557974062024678,0.4904942403259382,0.7493387878018049,0.6061632461568393,0.811329931218133,0.6938987681362859,2023-12,hybrid,kmeans,8,8,72
0.19493358795248192,477.3121927830716,1.4289318338991353,0.4384678934500443,0.46483662393632064,0.6910503319861429,0.5380575717114181,0.8235986899863892,0.6508889558454556,2023-12,hybrid,kmeans,10,10,63
0.22377044786627312,639.5372547141899,1.456277070348867,0.916912731270577,0.4865312439165175,0.8761663496699672,0.7835329518183819,0.7538174662889943,0.7683880233634954,2023-12,hybrid,ward,4,4,106
0.17946987872106437,527.0084673271119,1.453896841621997,0.7523024693721146,0.5240632089677121,0.8215967392819916,0.7049301904381201,0.7953118020257195,0.7473984902109908,2023-12,hybrid,ward,6,6,106
0.14291735124687385,446.5573529746882,1.548668365551577,0.7193135846425868,0.47173769048509406,0.7204808073987776,0.582027747640817,0.8084104923092728,0.6767899853279654,2023-12,hybrid,ward,8,8,106
0.14602405324803966,401.28578501317924,1.6850137401582033,0.508655460679382,0.4519510396743753,0.6748344871478653,0.526404551265568,0.819256482183705,0.6409642995600014,2023-12,hybrid,ward,10,10,89
-0.002278426262941157,106.00999794662977,4.32031512673584,1.4131228294864502,0.5256623809224258,0.9888195621243906,0.9780450503633502,0.7903898218438163,0.8742610375542501,2023-12,hybrid,spectral,4,4,162
-0.03087952066295292,201.26971365462595,4.247557070896853,1.0105944951699817,0.7354129631771821,0.9845143723108049,0.9699564540781824,0.8519120993263946,0.9071100519346617,2023-12,hybrid,spectral,6,6,161
-0.05789674942841243,116.72227944482341,4.6854272521853835,1.11934363464789,0.7668358734210575,0.978420026635948,0.9581677059878393,0.8791598423677363,0.9169650453579773,2023-12,hybrid,spectral,8,8,68
-0.01739060082711729,153.0488638082504,3.854560630044266,0.8978527600786257,0.7944887505670233,0.9734894888926127,0.948836424935859,0.8958558211434948,0.9215853065983403,2023-12,hybrid,spectral,10,10,40
0.23541938021745545,694.6045551763352,1.48990643032024,1.1465174840210708,0.5485730137650826,0.9304880613410338,0.8755901441861673,0.764157627411913,0.8160875699975021,2023-12,hybrid,sgc,4,4,168
0.1911294391405746,574.2557018174409,1.4323291664390654,0.644917914447104,0.6188753989409891,0.8909102486399267,0.8083569346589027,0.8130302674429863,0.810686866064723,2023-12,hybrid,sgc,6,6,151
0.16633295365372164,482.32875303954876,1.5523524806972713,0.4867124404904563,0.5953499628140813,0.8360739601583597,0.727162374695393,0.8352349050620106,0.7774608991732098,2023-12,hybrid,sgc,8,8,139
0.16506160889912766,418.3307719420318,1.5743301550561914,0.5299877023492826,0.5912009644687317,0.8273927812322576,0.7139896547793347,0.8597532976622482,0.7801209965585651,2023-12,hybrid,sgc,10,10,40
0.245302846357446,722.8231436554277,1.4003248421529777,0.9131693911812846,0.5068934085755183,0.9082282148037895,0.8379400639239214,0.7570306303591093,0.7954331663507227,2023-12,hybrid,fused,4,4,165
0.20572065168021844,607.909041267131,1.392422981981318,0.7929350491760239,0.556302151339423,0.8473592305351598,0.7405849121900127,0.7988516360932078,0.7686155943592785,2023-12,hybrid,fused,6,6,133
0.20318515200843948,532.8524529908491,1.3885800844719804,0.5503825765592946,0.5089019567857251,0.7659288605285246,0.6304652866852889,0.8165903350831936,0.7115578032627622,2023-12,hybrid,fused,8,8,113
0.1954868648713416,472.6945506344241,1.418361021850947,0.4485409550753387,0.49798489155372877,0.6991276124521637,0.556904261815634,0.8208827627106681,0.6636048980957782,2023-12,hybrid,fused,10,10,31
0.11299280743153091,66.39499786442296,1.2441606118417337,0.7559878416690605,0.07159074561479482,0.7487981551794295,0.9973172303637634,0.6044443274564453,0.7526997256544694,2023-12,hybrid,leiden,4,4,1
0.10705681253693994,40.607468906060994,1.151262773147353,0.48854327033324024,0.07159074561479482,0.49919877011961966,0.9978490490829389,0.40323598273872996,0.5743671979828738,2023-12,hybrid,leiden,6,6,1
0.10276349563813152,29.57924572517836,1.052892666115267,0.363663041726505,0.07159074561479482,0.3743990775897148,0.9980768771141038,0.30276792451366896,0.46459910392163345,2023-12,hybrid,leiden,8,8,1
0.10137839359097787,26.205049410610993,1.0124694492314346,0.32188567826712045,0.07159074561479482,0.3327991800797465,0.9981618688033164,0.26927743647181857,0.424134659697519,2023-12,hybrid,leiden,10,9,1
0.24763621926613497,735.1752431042148,1.393789599132456,0.8433548053050933,0.5541303548875063,0.9175540118330676,0.8486406800112308,0.7816295076338154,0.813757868973828,2023-12,multi,kmeans,4,4,145
0.214333721206316,617.1255952994268,1.3644873653561451,0.8467613844128894,0.6164717664564379,0.887633319821569,0.7997804849584522,0.8303473672366463,0.8147773429646433,2023-12,multi,kmeans,6,6,109
0.20423665037243,536.5930259675742,1.4002444099358664,0.6557974062024678,0.6162549445606212,0.8565208493575311,0.7512450776914863,0.8589712068242342,0.8015046142687556,2023-12,multi,kmeans,8,8,72
0.19493358795248192,477.3121927830716,1.4289318338991353,0.4384678934500443,0.5961239371153281,0.8207199699355042,0.6997715140244075,0.8771470883148798,0.778483486847408,2023-12,multi,kmeans,10,10,63
0.22377044786627312,639.5372547141899,1.456277070348867,0.916912731270577,0.545599543495731,0.9238579849743456,0.8591255062169958,0.7854049809531878,0.8206128826561786,2023-12,multi,ward,4,4,106
0.17946987872106437,527.0084673271119,1.453896841621997,0.7523024693721146,0.6075937055091436,0.897687015506328,0.8177003012137166,0.8351381923148726,0.8263272595408306,2023-12,multi,ward,6,6,106
0.14291735124687385,446.5573529746882,1.548668365551577,0.7193135846425868,0.6001174228143645,0.8435577916230736,0.7387305925009324,0.8586687326462779,0.7941969821114774,2023-12,multi,ward,8,8,106
0.14602405324803966,401.28578501317924,1.6850137401582033,0.508655460679382,0.6012308708453358,0.8162839622944636,0.6982381567044305,0.8761697412925503,0.7771494869890353,2023-12,multi,ward,10,10,89
0.17483010191790385,518.2646393390851,1.4399754828550444,1.0048399797581062,0.5611529422567807,0.9523728698606246,0.9095844742464416,0.7969422432692668,0.8495457866650816,2023-12,multi,spectral,4,4,127
0.147938901451014,472.75368340161623,1.4159596968153434,0.9559187454983886,0.6566525318337448,0.9384244939198082,0.884656972773588,0.8468425275599207,0.8653368328461681,2023-12,multi,spectral,6,6,122
0.12902560928988407,429.43723954682525,1.473800010977317,0.620954394769869,0.6956533989768886,0.9186728557078173,0.8514394021137466,0.8728303783126917,0.8620022039393941,2023-12,multi,spectral,8,8,131
0.11097815571927731,374.7566759104358,1.4999344342980787,0.47372616767050346,0.7023595381792044,0.89743072414246,0.8172064929106231,0.8908063381610287,0.852420672992197,2023-12,multi,spectral,10,10,135
0.24562602203083664,726.0135474329518,1.4140389597990186,0.9054533632623822,0.5845583974093447,0.9359379179062672,0.880223814968504,0.786066148735543,0.8304846807324058,2023-12,multi,sgc,4,4,154
0.21081619798832837,604.3419949400064,1.3794044668974104,0.860030461466279,0.6618571071664903,0.9177518916824222,0.8493305852281146,0.8384494825574481,0.8438549587075492,2023-12,multi,sgc,6,6,115
0.1966134328557905,522.8278685313969,1.4161608649759312,0.5548680406091293,0.6666027647394062,0.8884892899684946,0.8012822697615439,0.8656135973890631,0.8322065483761613,2023-12,multi,sgc,8,8,109
0.18724616926458634,460.1099881137859,1.4554152523662618,0.4341768379634223,0.6678946171788163,0.8731566101408825,0.7774538372727527,0.8888542570375545,0.8294302299427763,2023-12,multi,sgc,10,10,27
0.24766627645598835,728.2687914611207,1.4080401924347588,0.9664675807531047,0.572829043473424,0.9296632480714817,0.8694543552344105,0.7850325131717037,0.8250895798706329,2023-12,multi,fused,4,4,148
0.209259892375127,609.6062871486128,1.3839157013124879,0.8489788015768147,0.6410611870966824,0.9054370922182166,0.8291070869616289,0.8341705556916192,0.8316311140393421,2023-12,multi,fused,6,6,133
0.19522404732787513,531.2877903420581,1.4034038985921224,0.5453190413930261,0.6402954728163969,0.8707750151447409,0.7735742275391579,0.8616308235205004,0.8152315800351259,2023-12,multi,fused,8,8,114
0.1877956930196769,471.96324824896993,1.4587099585655658,0.4447072237911622,0.633598245875406,0.8451505146968902,0.7351941631579442,0.88145436326409,0.8017080922291779,2023-12,multi,fused,10,10,84
0.20517602435020163,588.867403133165,1.382548230032057,0.8900229967865074,0.5881591147645349,0.9612790490572175,0.9259383161297533,0.7992400098472398,0.8579367567488451,2023-12,multi,leiden,4,4,167
0.1585676943823805,496.3091886423259,1.5414847910699976,0.7234783910732263,0.6789578241882651,0.9325172253190598,0.8750814833357193,0.8438032152591605,0.8591577664931404,2023-12,multi,leiden,6,6,169
0.1160305581079346,408.9595188593699,1.5645854259195666,0.6495572504820426,0.7090075916131406,0.9234834199497062,0.8596563735727363,0.8737601868804168,0.8666509029186376,2023-12,multi,leiden,8,8,127
0.10622046443403989,348.652912116731,1.6740298616664695,0.41823983757667094,0.7118087429323265,0.9025409652777345,0.8246073064678321,0.8933257770677324,0.8575921494097323,2023-12,multi,leiden,10,10,108
0.23431673279714452,729.8371084263209,1.5012847775862275,0.7687235923168898,0.5396048171208486,0.8880069152463915,0.8025185257176611,0.7641809581125542,0.7828806764987303,2024-06,cos,kmeans,4,4,263
0.22061037477543516,626.7602687343644,1.3826331785090342,0.7069274548929461,0.6092825763371057,0.8716676753356509,0.7753993225851931,0.8263942654980306,0.8000850526837894,2024-06,cos,kmeans,6,6,114
0.20799770890421776,549.668919643006,1.3803120766182668,0.6070438766661873,0.6125297717675648,0.840529770830733,0.7284435923012149,0.8567223580410602,0.7873925275281763,2024-06,cos,kmeans,8,8,72
0.19616638679248133,490.4543665358557,1.4272508405753066,0.4370426904425999,0.5976378812988805,0.8151242850626014,0.692252524426635,0.874384952836143,0.7727316621822004,2024-06,cos,kmeans,10,10,69
0.17802883967253952,599.151245311705,1.632783261922453,1.0104609752169817,0.5439841550207829,0.8928347594826581,0.8066845238547636,0.7671018691130567,0.7863954203673499,2024-06,cos,ward,4,4,365
0.18804175567723166,530.954903239587,1.5610008034802778,0.9135187225657438,0.5828980490781023,0.8511278406994642,0.746676847883894,0.8255857863954598,0.7841511706797808,2024-06,cos,ward,6,6,72
0.1727560209582451,458.5651194525897,1.590451014248542,0.6726031544851884,0.5716331436602367,0.8135884416826158,0.6906167870125975,0.8540408598334017,0.7636837273289232,2024-06,cos,ward,8,8,72
0.1487868316140008,411.1736454625621,1.564459798844885,0.47021253733113644,0.5694036847197527,0.7867939864952027,0.6542636716575657,0.872617762614564,0.7478276813203922,2024-06,cos,ward,10,10,72
0.18090333863992122,584.5372389197081,1.4085019497683455,0.870321984976683,0.6070533235012174,0.9435328883815943,0.8932970088987907,0.7914034240284806,0.8392688666769078,2024-06,cos,spectral,4,4,161
0.1519588749612744,505.98729636817495,1.5037004971486156,0.7637888129525039,0.6939431734653031,0.9301772304002395,0.8697590213015366,0.8405233035599592,0.8548912834542917,2024-06,cos,spectral,6,6,151
0.1309394001724737,447.8093780010986,1.4964725248746988,0.5576844443821232,0.6970554810758047,0.9072881754006666,0.8306105331533808,0.8702614518256897,0.8499738191551683,2024-06,cos,spectral,8,8,103
0.12447120496368828,390.80904874440927,1.5457444672075624,0.4122517622067823,0.6990199404125446,0.8932963701478197,0.8077977052278138,0.8904164570728235,0.847097364617018,2024-06,cos,spectral,10,10,81
0.2364066841805766,703.8853198201119,1.531906739774992,1.1190068907844606,0.6078861341849909,0.9310551580611125,0.8736706449764664,0.7798987329099385,0.8241258432933452,2024-06,cos,sgc,4,4,311
0.2086140052104403,604.3220884761274,1.399371843692382,0.776249325194369,0.6716983674827391,0.9140085580972653,0.8426197558122301,0.8352404266450879,0.8389138638632312,2024-06,cos,sgc,6,6,203
0.18569364970824306,517.8021529721892,1.4793069664777345,0.6013117138564217,0.6817805871437815,0.8934257049875169,0.808199291923714,0.8658800022806921,0.8360459473531899,2024-06,cos,sgc,8,8,148
0.17847033668221268,455.88165179423305,1.5340383374092128,0.39265193096250467,0.6851105472490828,0.8780033670810148,0.7842787459048355,0.8869850899430878,0.8324760448412365,2024-06,cos,sgc,10,10,116
0.2281639606671422,706.7514536531481,1.4254395017791575,0.9495312291020863,0.5968013497910826,0.9233913599822297,0.8586491115045749,0.7780220640210452,0.8163496296532171,2024-06,cos,fused,4,4,330
0.21202913889173858,613.124611330272,1.392545348053921,0.7229439427073125,0.6456822271107799,0.896792131278367,0.8141265093373012,0.8299450323493436,0.8219596714566528,2024-06,cos,fused,6,6,218
0.20387860550873688,547.0865070286549,1.3909533504930156,0.5648364328503643,0.6412718242675362,0.8591454001109342,0.7562986605197919,0.8611445788901917,0.8053234582323971,2024-06,cos,fused,8,8,73
0.19247763965384895,481.82173639751596,1.4678604051457722,0.5222328827394356,0.6364352186989773,0.8329995124614171,0.7191911962008695,0.8797751694503738,0.7914194695980836,2024-06,cos,fused,10,10,54
0.2127138975365023,616.1191017381586,1.3564711420535127,1.6902302965529081,0.5911833662434842,0.9429603378151625,0.8950632202615918,0.79722350078547,0.8433150541290536,2024-06,cos,leiden,4,4,142
0.1624263319951875,514.3796092312502,1.6550845378645398,0.7587658250685894,0.6994508895297022,0.9268768393562458,0.8644811072685373,0.8377407750171226,0.850900908191762,2024-06,cos,leiden,6,6,316
0.1223227907250786,425.1565116103813,1.5661681815914652,0.7623164225476338,0.7092208049004443,0.9087503598924984,0.8340067874539936,0.870881780570192,0.8520454998497355,2024-06,cos,leiden,8,8,143
0.11345583330831388,366.97204310300856,1.8031045520965172,0.4950200134506685,0.713554922069603,0.8993210715966216,0.8178498065668596,0.8910940286730131,0.8529023177410473,2024-06,cos,leiden,10,10,117
0.23431673279714452,729.8371084263209,1.5012847775862275,0.7687235923168898,0.586318200725594,0.9194655421400842,0.8528156867650061,0.7773722665025431,0.813348254721428,2024-06,rbf,kmeans,4,4,263
0.22061037477543516,626.7602687343644,1.3826331785090342,0.7069274548929461,0.6541724017505692,0.9076105063373298,0.8325753961794237,0.8358039873383271,0.8341865678283584,2024-06,rbf,kmeans,6,6,114
0.20799770890421776,549.668919643006,1.3803120766182668,0.6070438766661873,0.6651237345617007,0.8873591674829473,0.7992150901200554,0.8660523123301052,0.8312924108509802,2024-06,rbf,kmeans,8,8,72
0.19616638679248133,490.4543665358557,1.4272508405753066,0.4370426904425999,0.6704145897333289,0.8707427199686917,0.7735219002952063,0.8866796635157606,0.8262444190222505,2024-06,rbf,kmeans,10,10,69
0.17802883967253952,599.151245311705,1.632783261922453,1.0104609752169817,0.578684207462247,0.9179914781004137,0.8497889666688423,0.7751571911422385,0.810759206143326,2024-06,rbf,ward,4,4,365
0.18804175567723166,530.954903239587,1.5610008034802778,0.9135187225657438,0.6173133817328987,0.8916705979312699,0.8079186411500827,0.8333266322767029,0.820425967140239,2024-06,rbf,ward,6,6,72
0.1727560209582451,458.5651194525897,1.590451014248542,0.6726031544851884,0.6221793021171707,0.8615663712701915,0.7611343258774483,0.8629750237321521,0.8088616854461577,2024-06,rbf,ward,8,8,72
0.1487868316140008,411.1736454625621,1.564459798844885,0.47021253733113644,0.6268060294513523,0.8399036194216503,0.7291062153460144,0.8828946521440398,0.798664555777665,2024-06,rbf,ward,10,10,72
0.17914034522064548,663.7269290266642,1.8166234652343438,0.8243771305048267,0.6136689681929967,0.9324796503255128,0.8752701739625425,0.7784507067458059,0.8240262228803747,2024-06,rbf,spectral,4,4,368
0.18447472485712202,583.0288129602263,1.5122451688151912,0.8641433694499956,0.6658751705542806,0.9164225030313982,0.8475380084377484,0.8361544193242305,0.8418077311686328,2024-06,rbf,spectral,6,6,221
0.15238792887592975,485.5162120088321,1.3946703343339795,0.42730784346239437,0.6824954665360756,0.906334156786007,0.8299373764180522,0.8696143550832287,0.8493127252034842,2024-06,rbf,spectral,8,8,125
0.12476357446318617,396.89816235348854,1.8105034319328244,0.42639721760604754,0.6806651333240785,0.8906809690402941,0.8040919667434887,0.8904696652957478,0.8450793301993897,2024-06,rbf,spectral,10,10,93
0.23971346913940436,724.0506212224838,1.5228142473742947,0.8935750347102231,0.5911635371948042,0.9335571415230783,0.8765485007081151,0.7854607349616515,0.8285085483509503,2024-06,rbf,sgc,4,4,187
0.21497650949923183,622.907587460707,1.408316749978251,0.8139844162741108,0.6654369769779612,0.9146034893967218,0.844228306457568,0.8366094379538728,0.8404016048760359,2024-06,rbf,sgc,6,6,145
0.2026397964747847,544.1789781896629,1.4176456561869282,0.593100730933556,0.6770283239623902,0.8951563043137089,0.811800370295676,0.8675216398527713,0.8387365665615474,2024-06,rbf,sgc,8,8,93
0.19328504981540695,487.56371310061473,1.4476617512424848,0.4386917830977151,0.6792193885438182,0.8769931942291022,0.783244355337876,0.8876589931131724,0.8321892423818398,2024-06,rbf,sgc,10,10,68
0.2371955343690911,721.9312693497151,1.5402795542046654,0.8895126230407021,0.5868786028704978,0.9288239931352043,0.8686061821452644,0.7838684626697137,0.8240646775423784,2024-06,rbf,fused,4,4,189
0.20785759783089672,618.1344408295527,1.4225307103678972,0.7108947583858672,0.6630059741696605,0.9130401182393039,0.8416031165862141,0.8355592742355955,0.8385703055792951,2024-06,rbf,fused,6,6,177
0.2034789148137238,546.9252701992395,1.3747912462775194,0.6011964646090344,0.6747235171269009,0.8918647308787989,0.8069477696593435,0.8670956650086503,0.8359411691111425,2024-06,rbf,fused,8,8,72
0.19542517587473918,489.80448837686225,1.4399646175020047,0.458448100647564,0.6731987233936564,0.8723468095684741,0.7762059209074483,0.8869118160843621,0.827874284128852,2024-06,rbf,fused,10,10,71
0.20143534740697835,626.8243913704973,1.7613991871504189,1.2373102005337664,0.6260625490304952,0.9376618312210366,0.8834784867352883,0.7809228889493438,0.8290410982167173,2024-06,rbf,leiden,4,4,372
0.17342930769581244,536.385009048915,1.5664144844638466,1.0298948418014267,0.682939023716547,0.9203603591005288,0.8539507210740179,0.8377610820255111,0.8457784343317276,2024-06,rbf,leiden,6,6,248
0.1560023880032337,462.08098394120833,1.5479095866976147,0.6124859658662722,0.6993456961293523,0.9032149362284906,0.8258918253017635,0.8700171348676219,0.8473804389681863,2024-06,rbf,leiden,8,8,144
0.12436909186261892,376.1944901218605,1.5742209047288647,0.417971984043765,0.6996930395117447,0.894526644682292,0.8109447066276285,0.8906859281073789,0.848946914708612,2024-06,rbf,leiden,10,10,110
0.23431673279714452,729.8371084263209,1.5012847775862275,0.7687235923168898,0.5018931375537267,0.8611448311991381,0.7626279244455094,0.752519239796548,0.7575398608069348,2024-06,corr,kmeans,4,4,263
0.22061037477543516,626.7602687343644,1.3826331785090342,0.7069274548929461,0.5514869878847724,0.8360886586588273,0.7215203194308207,0.8135051753650734,0.7647566974979746,2024-06,corr,kmeans,6,6,114
0.20799770890421776,549.668919643006,1.3803120766182668,0.6070438766661873,0.5378210901436165,0.7912598117114227,0.6584886647428387,0.842046769125544,0.7390405319822211,2024-06,corr,kmeans,8,8,72
0.19616638679248133,490.4543665358557,1.4272508405753066,0.4370426904425999,0.518475795797726,0.7523680268706516,0.6098129931632961,0.8575291005236154,0.7127613795916321,2024-06,corr,kmeans,10,10,69
0.17802883967253952,599.151245311705,1.632783261922453,1.0104609752169817,0.4920083974595728,0.8573092817034333,0.7519710725468151,0.7533707337436938,0.7526702524448742,2024-06,corr,ward,4,4,365
0.18804175567723166,530.954903239587,1.5610008034802778,0.9135187225657438,0.5258989061370247,0.8164590476159698,0.6959205873793807,0.8129772689935445,0.7499084396921131,2024-06,corr,ward,6,6,72
0.1727560209582451,458.5651194525897,1.590451014248542,0.6726031544851884,0.49640063008341195,0.7522553713159099,0.6111480488376213,0.8369520676819981,0.7064451101122229,2024-06,corr,ward,8,8,72
0.1487868316140008,411.1736454625621,1.564459798844885,0.47021253733113644,0.48982262964776224,0.7239580111195665,0.575237522291353,0.8562206689628423,0.6881517869787699,2024-06,corr,ward,10,10,72
0.1757256804676164,561.0805983348316,1.4303239327692339,0.9243357434311948,0.60041150532887,0.9467461933485715,0.8991767761286741,0.7930732472740281,0.8427986832388296,2024-06,corr,spectral,4,4,135
0.12433432749847502,432.8521105097748,1.6605088242979231,0.9573006514551775,0.6787033842336769,0.9242031855521553,0.8597954470542272,0.8388556557000323,0.8491964857723847,2024-06,corr,spectral,6,6,135
0.11615616731513655,388.8487939252589,1.676802770449401,0.5721981206724129,0.7044438307208922,0.9186532923170156,0.8504324954068756,0.8729087439181424,0.8615240492278975,2024-06,corr,spectral,8,8,97
0.08812841459255223,349.54163403851123,1.9532410519737688,0.5039566588513502,0.7006567767490541,0.8920552655692477,0.8060037173521308,0.8888396038324309,0.8453973483727087,2024-06,corr,spectral,10,10,153
0.23509451205890924,689.5251099910913,1.4925876425779554,1.2927301855465183,0.5900771878846265,0.9223261201250811,0.8595114001458551,0.777522865938169,0.8164639934460897,2024-06,corr,sgc,4,4,349
0.19654657675937817,584.6667814669592,1.4257059514249748,0.9048708343299153,0.6491983365191186,0.9012839572578701,0.8213502231373099,0.8310960719351291,0.8261944078516907,2024-06,corr,sgc,6,6,219
0.17756845835380758,500.00220092393056,1.4795663819217284,0.6253611344790808,0.6569270706835498,0.8799820874671754,0.7875150947453067,0.8621361462896441,0.8231378997445272,2024-06,corr,sgc,8,8,116
0.16408800792633094,442.33142341050853,1.5822813109212797,0.40705455131124435,0.6392772208204578,0.8497954113291097,0.741569160727233,0.8799858742381304,0.8048698590413581,2024-06,corr,sgc,10,10,110
0.23026714473394122,703.3818522042109,1.4275645582676946,1.0083550651213387,0.5710043761134416,0.9106146714839091,0.8375320098300527,0.7742963588705604,0.8046737459663166,2024-06,corr,fused,4,4,323
0.21569265089813147,614.8728492167493,1.385876689559873,0.6582027595003839,0.5961346130674461,0.8647697969452214,0.7644374985470531,0.8225716673551765,0.7924398185952408,2024-06,corr,fused,6,6,139
0.2025073068847625,544.7139358608814,1.3982561527273463,0.6019458117717177,0.5738415759624667,0.8187962788723715,0.6957701185807896,0.8491583006842314,0.7648496385892379,2024-06,corr,fused,8,8,75
0.1926825555783192,486.56840099917827,1.4498809496273293,0.4788828239930593,0.5495435387259552,0.775689672283767,0.6398843319499451,0.864256316074625,0.7353355900206092,2024-06,corr,fused,10,10,73
0.20023349655595682,593.7506552341524,1.7282609659297552,1.5159276793187038,0.6250726108429718,0.9441689768534663,0.8958282547858809,0.7855409674982587,0.8370675335907117,2024-06,corr,leiden,4,4,272
0.10609576008450063,430.2042283023939,2.0370068151427865,0.7284744871815061,0.6962086560890371,0.9316393423094329,0.8726661312346632,0.8403474779840773,0.8562019338996388,2024-06,corr,leiden,6,6,248
0.09767242088576279,362.2410958089786,1.9371510263983671,0.6697983365851841,0.7024031601561755,0.9187976944737721,0.8509385865849862,0.8748583429417575,0.8627326993896758,2024-06,corr,leiden,8,8,69
0.09846050068861156,332.9127279211832,1.7784504389360365,0.5200058256169322,0.7163284410739116,0.908194175638274,0.8332241974052591,0.8938620767556149,0.8624786412098935,2024-06,corr,leiden,10,10,98
0.23431673279714452,729.8371084263209,1.5012847775862275,0.7687235923168898,0.5311496899632658,0.8825297774681005,0.7941382051591356,0.7628323559470511,0.7781705487845781,2024-06,dtw,kmeans,4,4,263
0.22061037477543516,626.7602687343644,1.3826331785090342,0.7069274548929461,0.5850484956904107,0.8636087201912614,0.7642147733268673,0.8207700733532896,0.7914834225381587,2024-06,dtw,kmeans,6,6,114
0.20799770890421776,549.668919643006,1.3803120766182668,0.6070438766661873,0.5746678735813355,0.8230292799158797,0.70478988410554,0.8476484487075797,0.7696460971095938,2024-06,dtw,kmeans,8,8,72
0.19616638679248133,490.4543665358557,1.4272508405753066,0.4370426904425999,0.5605384732022081,0.7853608304175952,0.654752453289102,0.8651314372312434,0.7453818472283203,2024-06,dtw,kmeans,10,10,69
0.17802883967253952,599.151245311705,1.632783261922453,1.0104609752169817,0.5188620945837267,0.8777575895431998,0.7869381604355239,0.7599693010548159,0.773218642546312,2024-06,dtw,ward,4,4,365
0.18804175567723166,530.954903239587,1.5610008034802778,0.9135187225657438,0.5518807706140135,0.8462147166381463,0.7404314964224686,0.8170282171206056,0.7768463224585002,2024-06,dtw,ward,6,6,72
0.1727560209582451,458.5651194525897,1.590451014248542,0.6726031544851884,0.5311647417147393,0.7831338631634971,0.6550246943943858,0.840438653285473,0.7362374649693226,2024-06,dtw,ward,8,8,72
0.1487868316140008,411.1736454625621,1.564459798844885,0.47021253733113644,0.5286392754598476,0.7563543385301954,0.619769836205722,0.8608623912951081,0.720687464906576,2024-06,dtw,ward,10,10,72
0.1553701548976646,618.7129561284096,1.889805201452813,0.8720366561189239,0.6227654875551912,0.9383973074756555,0.8852606794115401,0.7806847595373748,0.8296904622157543,2024-06,dtw,spectral,4,4,334
0.14001826089905017,442.82742667838096,1.889482348545794,0.7753687410155587,0.6626087566765037,0.9159787211494824,0.8474233289634374,0.8369346200188111,0.8421463172352612,2024-06,dtw,spectral,6,6,216
0.11970247678321681,401.36395166023107,1.4761959893917145,0.4572875688211489,0.6779141545637566,0.9147549595295181,0.8436213047617069,0.8741381854224668,0.8586086710528218,2024-06,dtw,spectral,8,8,57
0.1082067207081597,365.8811046401814,1.6695659995155618,0.4585650638801352,0.6877998595229977,0.888965180238681,0.8029329177752482,0.8900040467536655,0.8442293612392466,2024-06,dtw,spectral,10,10,80
0.23415301846924308,708.9678239429576,1.5396822030305823,0.8715550236020191,0.5773362215467145,0.9250354585981171,0.8625097266381068,0.7829646613216585,0.820814521264908,2024-06,dtw,sgc,4,4,167
0.20455197594612567,600.9148955173516,1.4476807029832768,0.8043831925949031,0.6522839309944296,0.9055609661335882,0.8294278876333318,0.8328364071494464,0.8311286527584987,2024-06,dtw,sgc,6,6,149
0.1850034060574554,522.4639699545571,1.4320157248423664,0.5526861927821642,0.6485951323483814,0.8733132535603969,0.7784911475658296,0.860867894931192,0.8176098317136924,2024-06,dtw,sgc,8,8,82
0.17689830239887946,462.9208321928728,1.53403357401965,0.5048234846956292,0.6438471192712022,0.8537195203312231,0.7481696162671996,0.8813860113119197,0.809332584547311,2024-06,dtw,sgc,10,10,72
0.19856737064074487,706.0118391008634,1.5954745453697956,0.7806487464176864,0.5786417224394623,0.9109367791211899,0.8384386686161088,0.7701901598456824,0.8028666411745572,2024-06,dtw,fused,4,4,360
0.21243611802693477,614.218697591409,1.4040499572990732,0.8135945857078436,0.6190117526355369,0.8841812723278158,0.7964501698201102,0.8265627633730462,0.8112271193795714,2024-06,dtw,fused,6,6,156
0.19826591074812147,541.5462027993452,1.4240064859143677,0.6223565339345682,0.5957994986205815,0.8357766035740783,0.7229771588104874,0.8511305770730976,0.781837167000819,2024-06,dtw,fused,8,8,102
0.1902273684475142,485.6041779854058,1.4575626066647414,0.448437732888707,0.5849645860723197,0.8038532425258316,0.6785556646087667,0.8698727467826431,0.7623950522676948,2024-06,dtw,fused,10,10,60
0.1509100179527183,596.0173350978315,1.737393878074006,0.8105408849346317,0.6325473698749656,0.9526185003480768,0.9099627775621226,0.7878171400562723,0.844496115823845,2024-06,dtw,leiden,4,4,297
0.14010016541937326,481.6860066155213,1.71650927819426,0.9110942873141622,0.6797045596444533,0.9219739156405957,0.8576462146297783,0.8385087533814022,0.8479695214574633,2024-06,dtw,leiden,6,6,190
0.10999904894320033,407.6484810434154,1.5943635330140742,0.6570631805176413,0.7031797978802481,0.9130892949702967,0.8421186796682334,0.8714236567106015,0.8565205815354041,2024-06,dtw,leiden,8,8,141
0.0764754746887117,344.6711053662131,1.6727580169181135,0.5707937546171179,0.7044240410467607,0.8899546613601277,0.8062396453960863,0.8918702966265017,0.8468959210433322,2024-06,dtw,leiden,10,10,74
0.23431673279714452,729.8371084263209,1.5012847775862275,0.7687235923168898,0.25036353157756147,0.6764468589684559,0.5156071690688585,0.6744644129351562,0.5844332254456271,2024-06,road,kmeans,4,4,263
0.22061037477543516,626.7602687343644,1.3826331785090342,0.7069274548929461,0.25924276472357044,0.6139002687950311,0.4593380676707916,0.7135998526847088,0.5589103595912899,2024-06,road,kmeans,6,6,114
0.20799770890421776,549.668919643006,1.3803120766182668,0.6070438766661873,0.23904125601909576,0.5332431655878349,0.3813732585930761,0.72690464909704,0.5002752338357684,2024-06,road,kmeans,8,8,72
0.19616638679248133,490.4543665358557,1.4272508405753066,0.4370426904425999,0.2211374690249489,0.46687550430696056,0.32520365566138915,0.7321066820245681,0.45035740376731337,2024-06,road,kmeans,10,10,69
0.17802883967253952,599.151245311705,1.632783261922453,1.0104609752169817,0.2500068567783007,0.6760865186735522,0.5249827357761747,0.6677127342994665,0.5878074777002361,2024-06,road,ward,4,4,365
0.18804175567723166,530.954903239587,1.5610008034802778,0.9135187225657438,0.25283927481187063,0.6227692593145135,0.46854590778696864,0.7219506837827079,0.5682788861480071,2024-06,road,ward,6,6,72
0.1727560209582451,458.5651194525897,1.590451014248542,0.6726031544851884,0.22674841934552326,0.5162572601676916,0.37021168887335093,0.7253513987030666,0.49022017880195107,2024-06,road,ward,8,8,72
0.1487868316140008,411.1736454625621,1.564459798844885,0.47021253733113644,0.23062248399543256,0.4647713621437032,0.32415830039248883,0.7439419809652859,0.4515586641987306,2024-06,road,ward,10,10,72
-0.04102079159479659,58.79379496254787,4.7015719588488025,1.6411674064105646,0.5850300238219199,0.9914769483134943,0.983141635357811,0.8102801527117478,0.8883801454113515,2024-06,road,spectral,4,4,194
-0.023582761800484752,76.6518420739821,4.688104148439609,1.5603391529652206,0.7426047162056963,0.9822637056343422,0.9655277944857517,0.8562712967253936,0.9076233933771897,2024-06,road,spectral,6,6,150
-0.07957099393013944,58.10566667740176,5.136541765593295,1.489748704109941,0.803375490039044,0.9832210527116378,0.9672560534216724,0.8875347245940153,0.9256821256179163,2024-06,road,spectral,8,8,118
-0.08259598443537239,53.969992745045204,5.175844981620337,1.057822831627127,0.8131783317655433,0.9780225837312251,0.9572032159745465,0.9078793918164688,0.9318890969580567,2024-06,road,spectral,10,10,74
0.17831478585150068,577.8980402907083,1.627454909973046,0.8150009809062414,0.4547182247581389,0.8765287353775326,0.7845405245584318,0.7607613142490602,0.7724679613465295,2024-06,road,sgc,4,4,243
0.1478176316479301,455.4288722579487,1.6747869031725247,0.8662744448326318,0.4820510443436865,0.8160559049664325,0.6958986724388986,0.8068100897187983,0.7472613249942924,2024-06,road,sgc,6,6,48
0.11293391394332203,391.85578386847584,1.7374012169538302,0.6174803267319923,0.46103555111057265,0.7443059427206993,0.6056836956173773,0.820100097736113,0.6967693984013216,2024-06,road,sgc,8,8,48
0.10643608942012009,327.2931990401651,1.854123724520162,0.6513836999519922,0.48661163011719266,0.7729399437462655,0.6512120067363389,0.8525509507146845,0.7384028349795234,2024-06,road,sgc,10,10,27
0.2327360177353104,715.405306990426,1.4931811888972142,0.7240881000896425,0.2845978743220372,0.7257382319549253,0.5728626260122693,0.6994390645868686,0.6298545419456275,2024-06,road,fused,4,4,226
0.21495338401383993,619.3968319578086,1.3961359481315485,0.8312077723433946,0.28885583139514037,0.6441890847501567,0.4945532691064071,0.7249941153542528,0.5880020971708712,2024-06,road,fused,6,6,144
0.20586713779340898,547.7459521814919,1.3867632827763412,0.6374068742012599,0.2519746094860936,0.5458566070457447,0.3945918148447568,0.7326481826815476,0.512928882369652,2024-06,road,fused,8,8,75
0.19484404314796447,490.348164172607,1.421467618273352,0.4433248788027004,0.2265473947724762,0.4714462270279737,0.3294249382567435,0.734735463146072,0.45489417622125544,2024-06,road,fused,10,10,61
-0.043269648495443506,56.332694563005646,3.341076587115229,1.1100740472779835,0.5155422830194885,0.9972793438303206,0.9945807929283744,0.822772447093342,0.9005554394251788,2024-06,road,leiden,4,4,2
-0.07999747194127628,72.58444349592267,3.6186361146221646,1.179029169883188,0.7068552246602768,0.9947563070401798,0.9895934597553868,0.8661195621967144,0.9237487089614537,2024-06,road,leiden,6,6,2
-0.10205231278563667,72.4295207952393,4.020138976325015,1.2837888362878878,0.7924666692646681,0.9920928635762929,0.9843574180656613,0.8911753190938203,0.935451585318794,2024-06,road,leiden,8,8,2
-0.09317022204765052,66.53031588833787,4.144517213201469,1.0052601358453361,0.8352393245458981,0.9869628194963045,0.9744214718762221,0.9079067543126227,0.9399889175060836,2024-06,road,leiden,10,10,2
0.23431673279714452,729.8371084263209,1.5012847775862275,0.7687235923168898,0.4681957151286395,0.8279918496257098,0.7164421068841131,0.7238491402486349,0.7201265773683176,2024-06,hybrid,kmeans,4,4,263
0.22061037477543516,626.7602687343644,1.3826331785090342,0.7069274548929461,0.5195054439393123,0.8087065869503643,0.6842093438631848,0.7862916102029218,0.7317071984402358,2024-06,hybrid,kmeans,6,6,114
0.20799770890421776,549.668919643006,1.3803120766182668,0.6070438766661873,0.49711162284487376,0.7554180395363829,0.6140126218810074,0.8118066766669371,0.6991903483254228,2024-06,hybrid,kmeans,8,8,72
0.19616638679248133,490.4543665358557,1.4272508405753066,0.4370426904425999,0.46626076496065355,0.6986635189615142,0.5471922894975642,0.8245350293303947,0.6578263832427144,2024-06,hybrid,kmeans,10,10,69
0.17802883967253952,599.151245311705,1.632783261922453,1.0104609752169817,0.4842605242731919,0.842603674575016,0.7329285305584805,0.7414530730632805,0.7371661583175636,2024-06,hybrid,ward,4,4,365
0.18804175567723166,530.954903239587,1.5610008034802778,0.9135187225657438,0.5046228283115873,0.7983039316620308,0.6715914089318568,0.7829331976943479,0.723000775570704,2024-06,hybrid,ward,6,6,72
0.1727560209582451,458.5651194525897,1.590451014248542,0.6726031544851884,0.4653425059219032,0.7123130371516129,0.5670036430982367,0.8034710556797233,0.6648368132593552,2024-06,hybrid,ward,8,8,72
0.1487868316140008,411.1736454625621,1.564459798844885,0.47021253733113644,0.45047235485971865,0.6741516663503156,0.5212023055480268,0.8226018875088403,0.6381018939108246,2024-06,hybrid,ward,10,10,72
-0.0271141389741192,69.53514623267866,4.682508463922765,1.6333614487048917,0.5051957199518986,0.9867401724709856,0.9740227176786885,0.7881206218804565,0.8712655466203283,2024-06,hybrid,spectral,4,4,158
-0.03543634114930811,181.77355613513058,4.588168594566279,1.4687221568218467,0.7339328995552573,0.9849789488507198,0.9708249434055981,0.8503853999346817,0.9066227421593643,2024-06,hybrid,spectral,6,6,138
-0.03459629452520826,156.75157744035624,5.297240050046869,1.3195642966843624,0.7881791120841726,0.9789470857132908,0.9593058295533068,0.8771385708343176,0.9163840126598468,2024-06,hybrid,spectral,8,8,66
-0.025579439805379377,140.59607736467464,4.400780566952033,0.860600268587824,0.7943638569417214,0.974268179588447,0.9501845126999742,0.8954893498348827,0.9220265061692005,2024-06,hybrid,spectral,10,10,39
0.2231803976716806,663.4118838774813,1.4425459890272452,0.914170419371393,0.5807636616255566,0.9240057296453399,0.8617341762584186,0.7666077704687457,0.8113923699202844,2024-06,hybrid,sgc,4,4,300
0.195052517488953,576.3214740091694,1.418562074698453,0.8340463339915989,0.614025981579887,0.8836879448410383,0.7955993771558362,0.8110001220310464,0.8032259343879599,2024-06,hybrid,sgc,6,6,177
0.17769648417994452,503.72603630164235,1.498357605454157,0.5588074400711732,0.5872642764214047,0.8284057697784235,0.7116084217230767,0.8329783732126024,0.7675249166112106,2024-06,hybrid,sgc,8,8,99
0.1602001891310897,426.9110467935405,1.5753659559073694,0.49842171641432614,0.5931551233841779,0.8331263069260426,0.723060429645286,0.8607988039573555,0.7859404924658991,2024-06,hybrid,sgc,10,10,25
0.23651958692624453,704.9881934093434,1.5071525907628256,0.840681030285781,0.4879545651926568,0.872863835506053,0.7781523046505139,0.746488235435841,0.7619914668746945,2024-06,hybrid,fused,4,4,152
0.21511634376142563,619.571632641131,1.3965713970974736,0.7247920250644526,0.5446480051993924,0.8334408329244001,0.7186530472744387,0.7937855215789132,0.7543531297236453,2024-06,hybrid,fused,6,6,141
0.20749943761168804,547.8758068118152,1.3901185615233023,0.6765003022968341,0.5112914191463406,0.7632334847780792,0.6243376053970973,0.8145552902674226,0.7068733203438063,2024-06,hybrid,fused,8,8,73
0.1967095183858662,489.2891812530188,1.4288850716405375,0.4255578027290937,0.48025811342548735,0.7104682081188136,0.5611655672255015,0.8291650220041096,0.6693355716987731,2024-06,hybrid,fused,10,10,60
0.14399171581643888,4.066385316468029,0.701830572355828,0.3533688819656593,0.0001342526336589934,0.49999999999991523,0.9994345688038544,0.3734239703728268,0.543701793243953,2024-06,hybrid,leiden,4,4,1
0.14390040366849063,3.6818475706703833,0.6433900149620565,0.23523658991960447,0.0001342526336589934,0.3333333333332768,0.9992486152089676,0.24903221120746255,0.39870049579415595,2024-06,hybrid,leiden,6,6,1
0.1255181708399162,3.5926632115975115,0.61582833692707,0.17613957629959878,0.0001342526336589934,0.24999999999995762,0.999151524350614,0.18683639316968167,0.3148056810389995,2024-06,hybrid,leiden,8,8,1
0.12722091832121493,3.8591109518345483,0.59035183787521,0.14054760845802008,0.0001342526336589934,0.1999999999999661,0.9990683593003723,0.14951895158191691,0.260110227974539,2024-06,hybrid,leiden,10,10,1
0.23431673279714452,729.8371084263209,1.5012847775862275,0.7687235923168898,0.5450882730869224,0.8962189604867058,0.814440962383614,0.7695189745987238,0.7913429621689089,2024-06,multi,kmeans,4,4,263
0.22061037477543516,626.7602687343644,1.3826331785090342,0.7069274548929461,0.6122526061456343,0.8837906844882756,0.7936071226058293,0.8294184561016786,0.8111177088247722,2024-06,multi,kmeans,6,6,114
0.20799770890421776,549.668919643006,1.3803120766182668,0.6070438766661873,0.6183325950944663,0.8581678061557965,0.7538123372440598,0.8594779727658634,0.8031847652466655,2024-06,multi,kmeans,8,8,72
0.19616638679248133,490.4543665358557,1.4272508405753066,0.4370426904425999,0.6097203079607799,0.8307939925633286,0.7144963483899781,0.8785559935432149,0.7880783734709034,2024-06,multi,kmeans,10,10,69
0.17802883967253952,599.151245311705,1.632783261922453,1.0104609752169817,0.5500131740140413,0.9012331089877488,0.8223484666715619,0.7690875840272031,0.7948267794773287,2024-06,multi,ward,4,4,365
0.18804175567723166,530.954903239587,1.5610008034802778,0.9135187225657438,0.5941360271827456,0.8820051442414117,0.7921974424771111,0.8308992963066352,0.8110869571249165,2024-06,multi,ward,6,6,72
0.1727560209582451,458.5651194525897,1.590451014248542,0.6726031544851884,0.5841910197658379,0.8324285831576795,0.7197190453153945,0.8573315082075116,0.7825212872563302,2024-06,multi,ward,8,8,72
0.1487868316140008,411.1736454625621,1.564459798844885,0.47021253733113644,0.581905034615182,0.8086110470409306,0.6856629492434366,0.877181606610977,0.7696874588807431,2024-06,multi,ward,10,10,72
0.1947434081783843,578.5122285209006,1.356509068199424,0.966363842474995,0.5660600128556217,0.9542529459408575,0.912786720879978,0.7979845325793308,0.8515336966677975,2024-06,multi,spectral,4,4,121
0.13520637293581625,432.59463547178274,1.5913397602363493,0.7028680269265284,0.6512979558320657,0.933311531131389,0.875484973868172,0.8451383247928576,0.8600440372644289,2024-06,multi,spectral,6,6,98
0.12788931772468506,417.04705291845096,1.582347589414142,0.47860850800060173,0.6859042800422664,0.9166817970447727,0.8479428181237321,0.8745463848954667,0.8610391576190194,2024-06,multi,spectral,8,8,126
0.12166678427265394,393.2582588581343,1.5748286200093262,0.4565865939280753,0.7053892603512806,0.9004242790368695,0.821006172911307,0.8913513876416385,0.8547338573961228,2024-06,multi,spectral,10,10,131
0.23439494321195165,711.4493684439273,1.440019917328775,1.0158089149123255,0.5871577282084266,0.9263431136611494,0.864334095822221,0.7813444204804727,0.8207467211987336,2024-06,multi,sgc,4,4,325
0.21148833133132264,608.8349873947457,1.413482101974634,0.8681996460299335,0.6587531579213431,0.9129068828672852,0.8411886800385521,0.8368086581271911,0.8389929525679565,2024-06,multi,sgc,6,6,138
0.19791408683715678,536.5057567570585,1.4142086368425204,0.6016032769296825,0.6637864031792386,0.8871149365709416,0.7988985804499467,0.8657625687294535,0.8309877208406029,2024-06,multi,sgc,8,8,83
0.182490974891935,472.36733102057303,1.4766931662154978,0.41612425431052846,0.6650184006378198,0.8657032765200956,0.766222126465051,0.8857717756382091,0.8216712333232314,2024-06,multi,sgc,10,10,78
0.23132014773475612,718.7613380312415,1.5677312790026483,0.790817788986506,0.5695584895372077,0.9130221273550692,0.8421367423864171,0.7758160609784179,0.807617143002285,2024-06,multi,fused,4,4,254
0.21469904517205274,614.3740561751127,1.3758221899621843,0.8416985940086421,0.6347844836901538,0.897479796278533,0.8157287048098724,0.8328643279981653,0.8242074618047769,2024-06,multi,fused,6,6,157
0.20030544399522182,545.3648918932603,1.3905644925301517,0.4915116636341674,0.6386665975970753,0.8702630690853446,0.7726186622639873,0.8620932770797334,0.8149073099094346,2024-06,multi,fused,8,8,76
0.19318046032897587,487.95975942331984,1.4344953357488683,0.45592031316190973,0.6338001200789991,0.8462473070471038,0.7366890590788984,0.8819071928127293,0.8027837446286396,2024-06,multi,fused,10,10,72
0.16983630004442157,550.1175477484546,1.627017071079672,0.893127142371124,0.6333633605207608,0.9511644293587678,0.9074412151269324,0.7852335134461779,0.8419257894873124,2024-06,multi,leiden,4,4,295
0.16699913684624137,511.00364604380576,1.5473419371220876,0.6888123791967753,0.6951116849534946,0.9333897133639057,0.876235661892923,0.8412122768386127,0.8583668588313766,2024-06,multi,leiden,6,6,236
0.1272054679939218,425.2847704057195,1.5670568008066117,0.5919821864083255,0.7085004605835974,0.9074261569275632,0.8335863676558071,0.8729557438769486,0.8528169363586957,2024-06,multi,leiden,8,8,91
0.11168714911694444,375.0522279863394,1.5911851726484199,0.4792288765376775,0.7162351811997097,0.9047295373619239,0.8281904531823967,0.892903322698064,0.8593302908142172,2024-06,multi,leiden,10,10,98
0.23340341762661918,735.4689448181904,1.4529353797559448,1.2666145037893841,0.5409256818405312,0.881854127414026,0.792976434650147,0.7582281322532791,0.7752130876787063,2024-12,cos,kmeans,4,4,375
0.21283606291755988,626.628847957094,1.4572790683824097,1.1480223025546112,0.6030746746643785,0.8692258186891344,0.7714021754165561,0.8261049982585774,0.7978170029906231,2024-12,cos,kmeans,6,6,106
0.20085810026685114,549.959180027491,1.3882875976220856,0.6110353743928205,0.594240514816865,0.8351699265163766,0.7200537573895683,0.8536467433227821,0.7811798302590742,2024-12,cos,kmeans,8,8,80
0.19077372600111048,497.01746769894726,1.3919728437877799,0.42798672101145824,0.5513728268809022,0.7876309613183888,0.6541399873202636,0.8675571493475459,0.7458827502510078,2024-12,cos,kmeans,10,10,57
0.16401184244663544,618.4891528653621,1.4992652835732372,1.032497329710874,0.5402446884318225,0.902357159424803,0.8227245205710756,0.7753541755772367,0.7983372707634954,2024-12,cos,ward,4,4,303
0.1814048686799035,546.6039331295865,1.5565982505013352,0.7986092933603814,0.5853151191018262,0.8607794657437955,0.7593945148472674,0.8230054004643854,0.7899214108322893,2024-12,cos,ward,6,6,112
0.15162245286527573,469.2003426542384,1.634766373570634,0.5123717465825887,0.5978053836609072,0.836847839853608,0.7223104987992244,0.853500875191163,0.7824447177626133,2024-12,cos,ward,8,8,112
0.15318644923896196,413.86213194820726,1.6604825051269487,0.513319158871209,0.5719556591482631,0.7822396875923283,0.6511203428452372,0.8714924860798267,0.7453588667364358,2024-12,cos,ward,10,10,35
0.19879598000097948,610.9991057432305,1.4485546424565332,1.0279084800737974,0.6204155775632505,0.9471686250429501,0.8999934261525918,0.7907636476513595,0.8418501930913924,2024-12,cos,spectral,4,4,224
0.15580233791658013,528.8391354497803,1.5950849314086286,0.9931677137778012,0.6894429104882023,0.9287028999112218,0.8669587869148976,0.8404898832302391,0.8535191743329734,2024-12,cos,spectral,6,6,156
0.12307594637105627,425.9113185321884,1.7694538210682054,0.5621641613409398,0.6980342728340451,0.9091924790133936,0.8336286192911562,0.8710388460298664,0.8519232346910196,2024-12,cos,spectral,8,8,101
0.12908023899509066,392.55395465392866,1.5798908570345598,0.5044872718928044,0.7055144076103438,0.8965804288206772,0.8136848731201208,0.8904646318394581,0.8503451121713705,2024-12,cos,spectral,10,10,87
0.22167597573676104,714.8016764750297,1.5661821853166806,1.2826673771995178,0.6324871530913287,0.9400635271371163,0.8880838973483475,0.7814589186878163,0.8313666178064076,2024-12,cos,sgc,4,4,409
0.1999920692616066,600.5413884841423,1.525180137361701,1.0057597197174684,0.6714421016266988,0.9182143595873066,0.8492447061942188,0.8370526398939749,0.8431045982305116,2024-12,cos,sgc,6,6,146
0.18548647798485077,524.9194726457658,1.4794727026923973,0.5458328960974121,0.6844216761629835,0.8980668277067886,0.8157976567896577,0.8678337368421621,0.8410115559454217,2024-12,cos,sgc,8,8,123
0.17380409737375072,461.271371479885,1.4959158263044425,0.5019377633234146,0.6773622424025946,0.8738527999893047,0.7781194737707454,0.8865279530584296,0.8287937171542045,2024-12,cos,sgc,10,10,114
0.23400963030186817,723.6787524904905,1.4543296587117847,1.2787401954312687,0.6050995808822279,0.9273784724395038,0.865826997573362,0.7796065238780154,0.8204577906764662,2024-12,cos,fused,4,4,349
0.20883363048409828,618.018569387044,1.4635879056650605,0.9996263334724982,0.6429409387553213,0.8969815334114074,0.8145060899879294,0.8325762872291554,0.8234420642312494,2024-12,cos,fused,6,6,128
0.19264841693296647,540.5297570176999,1.4357037779573385,0.5827482206213682,0.6486591175552799,0.8688557400923026,0.7700846576965232,0.8628232982456396,0.813820499635322,2024-12,cos,fused,8,8,83
0.18628543211723253,492.8808492582455,1.3957829310238465,0.449579643370194,0.5872051984755772,0.8121710039600905,0.688484790065026,0.8719210289332391,0.7694208253380851,2024-12,cos,fused,10,10,80
0.24609483629957557,647.2958023965709,1.4999851683661016,1.425410224902138,0.6170721195426958,0.9534375680822007,0.9121518201689129,0.7949077279785437,0.8495035005995075,2024-12,cos,leiden,4,4,242
0.18992672737318853,494.7263058795903,1.6430406797483912,1.3905835431701745,0.6891019872555119,0.9276557555752486,0.8668124251105706,0.841986485886042,0.8542191161804021,2024-12,cos,leiden,6,6,156
0.09922062709842763,394.2225139498564,1.7301754091457324,0.4841760881330927,0.7098258763743024,0.9083497519233943,0.8337336726600402,0.8725372375921506,0.8526942248841394,2024-12,cos,leiden,8,8,85
0.14148414603221202,392.700272248731,1.5972585715061143,0.4339261383929307,0.7209468850875574,0.9002275036784033,0.8203534653214574,0.8929401174786534,0.8551091617357661,2024-12,cos,leiden,10,10,89
0.23340341762661918,735.4689448181904,1.4529353797559448,1.2666145037893841,0.5956083505428431,0.9177846797194504,0.8495842900185678,0.7739777134720358,0.810020565615848,2024-12,rbf,kmeans,4,4,375
0.21283606291755988,626.628847957094,1.4572790683824097,1.1480223025546112,0.6392169355795873,0.899486407615579,0.8185886101006581,0.8337723363608377,0.8261107107659275,2024-12,rbf,kmeans,6,6,106
0.20085810026685114,549.959180027491,1.3882875976220856,0.6110353743928205,0.6657847282627962,0.8871589190175977,0.7987550867556663,0.8663559248376872,0.8311832629614435,2024-12,rbf,kmeans,8,8,80
0.19077372600111048,497.01746769894726,1.3919728437877799,0.42798672101145824,0.6559406716597085,0.8626948699564452,0.7611347739517244,0.8855684765032988,0.8186501872701709,2024-12,rbf,kmeans,10,10,57
0.16401184244663544,618.4891528653621,1.4992652835732372,1.032497329710874,0.5700997688540119,0.9232003600817853,0.8596485900590523,0.7819028702726921,0.818934667886437,2024-12,rbf,ward,4,4,303
0.1814048686799035,546.6039331295865,1.5565982505013352,0.7986092933603814,0.6284096478874934,0.8934488454558199,0.8104042246912965,0.833144890137536,0.821617233893654,2024-12,rbf,ward,6,6,112
0.15162245286527573,469.2003426542384,1.634766373570634,0.5123717465825887,0.6385799828014334,0.8676358533496238,0.7688736638857331,0.8620031278944622,0.8127793669824902,2024-12,rbf,ward,8,8,112
0.15318644923896196,413.86213194820726,1.6604825051269487,0.513319158871209,0.6337756042272206,0.8388818244569292,0.7272170642692971,0.8836777204054451,0.7978491503065943,2024-12,rbf,ward,10,10,35
0.18957380256778975,588.2250811049214,1.32510351417738,0.9442024266643163,0.5754502826640912,0.9516952841846334,0.9079779989401318,0.798575986276768,0.8497702765947243,2024-12,rbf,spectral,4,4,107
0.17266303972834748,543.8145381512314,1.3699481466674428,0.8926659334858713,0.6533799816213666,0.9297051716300583,0.8692449733253538,0.8443586704307146,0.8566211126236701,2024-12,rbf,spectral,6,6,74
0.1611274179282172,489.3696134660909,1.3767868801066316,0.44618630499574574,0.6816172839799435,0.909986621144304,0.835843779357484,0.8705803043100775,0.8528584878201458,2024-12,rbf,spectral,8,8,69
0.14331976199129945,446.35886010802756,1.5046801483299783,0.4248558736475676,0.6837620489709664,0.8832420725442651,0.7930994022588796,0.8879273728864394,0.837838729397081,2024-12,rbf,spectral,10,10,117
0.21170363729056707,730.3304622041072,1.5077663996469641,1.0200927844498402,0.6250495392705668,0.9388054610109626,0.8854006684620145,0.7809260402031106,0.8298882018985481,2024-12,rbf,sgc,4,4,363
0.2064038209121468,621.5089834430718,1.447862287519192,0.6909812304009841,0.6594924224321368,0.9124757341812252,0.8407976225656942,0.837123819931164,0.8389566993594617,2024-12,rbf,sgc,6,6,106
0.1990891413881957,545.9609874021777,1.39653063274883,0.5811213374064129,0.6754289533872505,0.8943257725722886,0.8103263649038647,0.8680618544204362,0.8382010775635527,2024-12,rbf,sgc,8,8,90
0.18880386987684775,493.0092195422858,1.4177771088234334,0.459503507945949,0.6748931699909502,0.873400648117182,0.7775694245196814,0.8876028155329239,0.8289506561240373,2024-12,rbf,sgc,10,10,72
0.20487424667033374,727.9158463304576,1.5612938977621655,1.0523716368325133,0.6213267487654697,0.9356408924086408,0.8799345192625619,0.7795246241116838,0.8266917906468004,2024-12,rbf,fused,4,4,373
0.20098369288050782,619.7282009065109,1.4403905131118104,0.8091858792612143,0.6566615162145781,0.9093412734848054,0.8358315469923356,0.8359779560340113,0.8359047451017733,2024-12,rbf,fused,6,6,131
0.19798802172100644,548.3324433167255,1.3908893876828035,0.5480996963372079,0.6751775381283284,0.8928383916883866,0.8079928298283644,0.8673400867206347,0.8366152949900206,2024-12,rbf,fused,8,8,99
0.18655994956716418,493.79413850409964,1.4157592921773425,0.47963218753513137,0.6707724832749454,0.8697136274215469,0.7719225702249702,0.8864803086798461,0.8252447786167092,2024-12,rbf,fused,10,10,74
0.16038033413843197,637.2472249314211,1.5198430012061972,0.8473838329336015,0.6072637881483443,0.9509749067060383,0.9066983254044069,0.7898490309369719,0.8442496945287972,2024-12,rbf,leiden,4,4,191
0.16954036304659895,500.38626619564263,1.7508874710318547,0.9362769241177933,0.6682061696482369,0.9138363167455866,0.8434349415339776,0.8385619937533056,0.8409914088847172,2024-12,rbf,leiden,6,6,148
0.1457692843744928,471.3945915638161,1.5624053772660793,0.5543425828583227,0.6928225065087366,0.9013416022530653,0.8219211978232976,0.8698151611972181,0.8451902276186638,2024-12,rbf,leiden,8,8,141
0.12688708679188693,409.58093867534757,1.4847752443608346,0.41639307043596513,0.7037423467106765,0.8953373104791025,0.8131017235805716,0.8912475630001732,0.8503831172609437,2024-12,rbf,leiden,10,10,63
0.23340341762661918,735.4689448181904,1.4529353797559448,1.2666145037893841,0.5138396116541859,0.8616315620260205,0.7618242594944004,0.7492928477441078,0.7555065932909598,2024-12,corr,kmeans,4,4,375
0.21283606291755988,626.628847957094,1.4572790683824097,1.1480223025546112,0.535194333526846,0.8281858449400925,0.7093977418837198,0.8121082769201954,0.7572862291596792,2024-12,corr,kmeans,6,6,106
0.20085810026685114,549.959180027491,1.3882875976220856,0.6110353743928205,0.5291112763684451,0.7859329261844148,0.6526053001339688,0.8388414365360766,0.734095766205264,2024-12,corr,kmeans,8,8,80
0.19077372600111048,497.01746769894726,1.3919728437877799,0.42798672101145824,0.49422570511110353,0.7340363238884157,0.5885131218264594,0.8514557699440777,0.6959773869148881,2024-12,corr,kmeans,10,10,57
0.16401184244663544,618.4891528653621,1.4992652835732372,1.032497329710874,0.5094611992198801,0.877386051164669,0.7843935177388761,0.7665022259425194,0.7753446739548961,2024-12,corr,ward,4,4,303
0.1814048686799035,546.6039331295865,1.5565982505013352,0.7986092933603814,0.5443434558711987,0.8313459507735187,0.7175882515768058,0.8113782962900634,0.761606633989575,2024-12,corr,ward,6,6,112
0.15162245286527573,469.2003426542384,1.634766373570634,0.5123717465825887,0.528482157458023,0.7849978330305354,0.6517455511944329,0.8379741540731807,0.7332197124084324,2024-12,corr,ward,8,8,112
0.15318644923896196,413.86213194820726,1.6604825051269487,0.513319158871209,0.49649154799275264,0.7155251811540799,0.5703426128015829,0.8527193705573545,0.683515123693936,2024-12,corr,ward,10,10,35
0.18484604939246826,576.5406674994605,1.4137922481037912,0.9759244886717565,0.6039522047440695,0.9453209654762409,0.8967141119113522,0.7929934179659258,0.8416703790082392,2024-12,corr,spectral,4,4,137
0.13522714487179271,483.7881431828057,1.5094292357106536,0.9447759037235779,0.6632760969262801,0.9268594362507349,0.8642895727981682,0.8434704221603693,0.8537530952692783,2024-12,corr,spectral,6,6,95
0.11628391623719775,410.91182249001355,1.6342223668175127,0.5675170935613039,0.6939591810134187,0.914023776071784,0.8425516962280253,0.873045886354644,0.8575277791254765,2024-12,corr,spectral,8,8,85
0.08994981769075934,370.93043611089206,1.8177096807276194,0.4939694777054128,0.6956926835840302,0.8894084417814867,0.8017286721033031,0.8884286399092897,0.8428549326978743,2024-12,corr,spectral,10,10,152
0.21188399560326393,701.3541636338922,1.6147604967209266,1.2837039658753873,0.6200579773474708,0.9334685270998337,0.8765918104316719,0.7786820400393515,0.8247412342484286,2024-12,corr,sgc,4,4,418
0.20214197149994706,586.516973549457,1.4374997095465745,0.9800799844850799,0.6441810387059115,0.9052886864138294,0.8286191839443703,0.8356103817168926,0.8321000983036385,2024-12,corr,sgc,6,6,149
0.17572960714090807,510.2216355019171,1.486986586140194,0.5360960265632544,0.6514655334710585,0.881144819556883,0.7882897791275245,0.8628480587781846,0.8238855534159213,2024-12,corr,sgc,8,8,130
0.15846937028732735,443.61170186368105,1.560567739155005,0.5482781694519284,0.646645766401811,0.8577091854749319,0.7529700020691767,0.8816580917318217,0.8122484835208386,2024-12,corr,sgc,10,10,127
0.21716752558737015,717.5957363232061,1.5644665196072536,1.1834520273782227,0.5944312679084813,0.9169931298839805,0.8484947855816125,0.7727886053585067,0.8088741372018324,2024-12,corr,fused,4,4,422
0.207539909507717,609.722210374135,1.363944536994584,0.7772569386285733,0.60560375326573,0.8768581629074448,0.7831496406067417,0.8261517147041788,0.8040761493447163,2024-12,corr,fused,6,6,135
0.1949903401600996,542.3926216440724,1.4167861904833983,0.6032245005936043,0.5917042775097403,0.8378372892521374,0.7230275546534594,0.8523543821265998,0.7823825958883054,2024-12,corr,fused,8,8,107
0.18100763990104154,490.3675926563696,1.4079531551332145,0.4149313211473943,0.5418182178679635,0.771840721261176,0.6359694027151932,0.8596252340439368,0.7310742272225893,2024-12,corr,fused,10,10,82
0.17049841725362694,595.5011716282355,1.8677496488982264,1.1757062587448437,0.6390764848406753,0.9479992587313714,0.9020202801980539,0.7851286087406469,0.8395251092425167,2024-12,corr,leiden,4,4,362
0.12151443390114487,468.62527388455845,1.6134879701688993,0.835833122107865,0.6883168980861563,0.935041565422151,0.8790971578954249,0.843398858390137,0.8608780889739577,2024-12,corr,leiden,6,6,89
0.09009813927982845,379.4499558547597,1.8725206651489628,0.6893986845172322,0.7027585770398259,0.9174365895278458,0.8480514075381148,0.8741570328689408,0.8609063627143745,2024-12,corr,leiden,8,8,130
0.08260833990230013,338.933409954791,1.8583234792501195,0.5359995720905772,0.7050191008050951,0.9002025262199602,0.8198867227862383,0.8924088527031033,0.8546119958508311,2024-12,corr,leiden,10,10,90
0.23340341762661918,735.4689448181904,1.4529353797559448,1.2666145037893841,0.556156035661557,0.8904135658351533,0.8060683052384601,0.7635913206525283,0.7842550723484498,2024-12,dtw,kmeans,4,4,375
0.21283606291755988,626.628847957094,1.4572790683824097,1.1480223025546112,0.5532060750398866,0.8420899098360833,0.7325619196757353,0.8140646318214207,0.7711657980390383,2024-12,dtw,kmeans,6,6,106
0.20085810026685114,549.959180027491,1.3882875976220856,0.6110353743928205,0.5761516102008273,0.8198935720552352,0.7008364684780379,0.8477395699661615,0.7673201594939955,2024-12,dtw,kmeans,8,8,80
0.19077372600111048,497.01746769894726,1.3919728437877799,0.42798672101145824,0.5596843116711274,0.7839020684884236,0.6521006043702531,0.8659823005524867,0.7439746271203634,2024-12,dtw,kmeans,10,10,57
0.16401184244663544,618.4891528653621,1.4992652835732372,1.032497329710874,0.533044839659252,0.8932266181318245,0.8129122649029012,0.7710774680886621,0.7914424165052233,2024-12,dtw,ward,4,4,303
0.1814048686799035,546.6039331295865,1.5565982505013352,0.7986092933603814,0.5774427522538919,0.8559776438745903,0.7544075759779071,0.8205343885483479,0.7860827548106912,2024-12,dtw,ward,6,6,112
0.15162245286527573,469.2003426542384,1.634766373570634,0.5123717465825887,0.5547511141309514,0.8037187502730601,0.6794241028455323,0.8434180188182367,0.7525908596918659,2024-12,dtw,ward,8,8,112
0.15318644923896196,413.86213194820726,1.6604825051269487,0.513319158871209,0.540712854122048,0.7567103384853884,0.6201136134343349,0.8628851567556142,0.721628154102487,2024-12,dtw,ward,10,10,35
0.16218098073814619,649.3901343158823,1.8305784001157694,0.9131465215321166,0.6212656389141641,0.9369887551923539,0.8829618153910278,0.7803561046230446,0.8284942216977865,2024-12,dtw,spectral,4,4,327
0.16088353775805106,545.7368912165766,1.5858116416731705,0.739755090915811,0.6706335156677374,0.9161350613585086,0.8474704234256173,0.8356959393875657,0.8415419975761905,2024-12,dtw,spectral,6,6,222
0.09975228983381025,427.6067743298469,1.839283325221273,0.614155190735013,0.6747213279783686,0.8924505814558397,0.8105623851239934,0.8658316993190533,0.8372859506346422,2024-12,dtw,spectral,8,8,150
0.0909891975932575,362.52762511017306,1.846393733349655,0.4727938448226203,0.6761162413690339,0.8810838567693292,0.7897234615752915,0.8886496582147686,0.8362711198573435,2024-12,dtw,spectral,10,10,92
0.20307457189789496,719.2579325632964,1.544522144126511,1.163954348116747,0.6118428336256807,0.9297224208809179,0.8698290429850116,0.7777519359400881,0.8212175677816574,2024-12,dtw,sgc,4,4,361
0.20295865700016671,608.4479280140469,1.4647324355841365,0.6835322913508526,0.6526259331547641,0.9051511661619186,0.8294085327986274,0.8341818795895115,0.8317883581018106,2024-12,dtw,sgc,6,6,106
0.17973731699871548,522.398929008412,1.4594916240196834,0.6244891004305331,0.6503337317642606,0.8735386125830422,0.7792867642215908,0.8622815571805954,0.8186861256786879,2024-12,dtw,sgc,8,8,90
0.17732120579909483,473.0574104573472,1.4591108236426378,0.47539184866437506,0.6458018187959272,0.8489307454090758,0.7413160308316801,0.8811604443428364,0.8052115061396463,2024-12,dtw,sgc,10,10,91
0.20249716567063736,725.1578791085376,1.567224108903102,0.99092418337873,0.5885231149422802,0.916106071939107,0.8473590810975766,0.7721123166704149,0.8079875742903239,2024-12,dtw,fused,4,4,357
0.20024973743548077,612.9499913498806,1.4600903741532905,0.6746243519435078,0.631995544082405,0.8936747761105458,0.8111773012569606,0.8293152214116059,0.8201459914017384,2024-12,dtw,fused,6,6,146
0.19703095863594264,543.864435259904,1.4098099851758525,0.5606759345617557,0.5996518201198003,0.8336166750658448,0.7206409535772835,0.8525697124973961,0.7810735890035954,2024-12,dtw,fused,8,8,83
0.18666418342189575,491.9826679130332,1.4104308834347863,0.4636736404319359,0.5928482265084879,0.8087094171654172,0.6849894989575454,0.8718943368221078,0.7672228989701463,2024-12,dtw,fused,10,10,68
0.16109310473346455,552.6603373228598,1.5177380130898344,0.8369609442817563,0.6215835190523034,0.9497778006607052,0.9048244075605564,0.7897248186170762,0.8433656338830224,2024-12,dtw,leiden,4,4,258
0.158236232509865,523.2481979944976,1.6301381313480299,0.6863280737915479,0.6767763939197015,0.9236401587108934,0.8594704015954951,0.8385872517943938,0.8489004135205029,2024-12,dtw,leiden,6,6,134
0.13280181287930243,436.36983247607225,1.6727443709796583,0.6991883140859816,0.6949512681314034,0.8988852514428782,0.8190381818787487,0.8685539237364156,0.8430696306214261,2024-12,dtw,leiden,8,8,127
0.0894473388674859,353.9071368089474,1.7359384363151953,0.5266845146630484,0.6970069128517327,0.8853000079235291,0.7982370797021924,0.890267219190698,0.8417441467776007,2024-12,dtw,leiden,10,10,110
0.23340341762661918,735.4689448181904,1.4529353797559448,1.2666145037893841,0.24676428629679797,0.6443165214079891,0.4880933821012428,0.6517790265901005,0.5581835774689454,2024-12,road,kmeans,4,4,375
0.21283606291755988,626.628847957094,1.4572790683824097,1.1480223025546112,0.23602218606913344,0.5934965216569402,0.4413157791540045,0.7003074178567784,0.5414338366069542,2024-12,road,kmeans,6,6,106
0.20085810026685114,549.959180027491,1.3882875976220856,0.6110353743928205,0.22524270923113607,0.513578057651658,0.3671220913571714,0.7140338404174303,0.48492097964689795,2024-12,road,kmeans,8,8,80
0.19077372600111048,497.01746769894726,1.3919728437877799,0.42798672101145824,0.21556922479664764,0.4695173392188873,0.33098600501990166,0.7309142050133397,0.45564050264546385,2024-12,road,kmeans,10,10,57
0.16401184244663544,618.4891528653621,1.4992652835732372,1.032497329710874,0.27838511360919915,0.6888858946510953,0.5518554177127797,0.6775948894021594,0.6082952821545975,2024-12,road,ward,4,4,303
0.1814048686799035,546.6039331295865,1.5565982505013352,0.7986092933603814,0.28237035997940324,0.6332539639990992,0.4885851015504025,0.7215662681914589,0.582648645837718,2024-12,road,ward,6,6,112
0.15162245286527573,469.2003426542384,1.634766373570634,0.5123717465825887,0.2562383088146023,0.5314114163129058,0.389430614414326,0.7243493296216486,0.5065341784890306,2024-12,road,ward,8,8,112
0.15318644923896196,413.86213194820726,1.6604825051269487,0.513319158871209,0.24578665190563403,0.47045061531565924,0.3358675364872163,0.741117351136032,0.46224837847647793,2024-12,road,ward,10,10,35
-0.024642186175459525,70.76267520551279,4.359879136334493,1.6057438667456518,0.5850300238219199,0.9914769483134943,0.983141635357811,0.8102801527117478,0.8883801454113515,2024-12,road,spectral,4,4,194
-0.01683244819805574,81.50921636884374,4.07009662755213,1.568260404592047,0.7426047162056963,0.9822637056343422,0.9655277944857517,0.8562712967253936,0.9076233933771897,2024-12,road,spectral,6,6,150
-0.06868194742743836,64.38991481703243,5.0361180948669375,1.2624213556587518,0.803375490039044,0.9832210527116378,0.9672560534216724,0.8875347245940153,0.9256821256179163,2024-12,road,spectral,8,8,118
-0.07723973913169521,57.683149003713865,5.302117134524659,1.1394316888626657,0.8131783317655433,0.9780225837312251,0.9572032159745465,0.9078793918164688,0.9318890969580567,2024-12,road,spectral,10,10,74
0.19004300714186775,587.0454986932289,1.5760155908195455,1.0248449434327513,0.45376623359569435,0.8935706083599128,0.8132789606357007,0.7681783850845396,0.790085575554293,2024-12,road,sgc,4,4,179
0.1475762765686422,475.8504379767394,1.666412313975619,0.8015162118904726,0.47931188257077184,0.8138245931768274,0.7003056497516228,0.7982248286409662,0.746066049812392,2024-12,road,sgc,6,6,135
0.1485806588301811,389.5146633846968,1.7246541683510022,0.8460675310452646,0.487444819047243,0.8083350688651484,0.6901918356296624,0.841045767187993,0.7581879139272746,2024-12,road,sgc,8,8,29
0.11607049929013401,343.6037782844298,1.768312842808998,0.647295732904391,0.46105595059633675,0.7552006867394185,0.6259061911186299,0.8484536466289947,0.7203836902030553,2024-12,road,sgc,10,10,32
0.2378209654030268,712.2310612294458,1.518441897439899,1.1450366200725952,0.2928210205130023,0.7628994613773536,0.6247277805757236,0.7101847526212965,0.6647209210642834,2024-12,road,fused,4,4,189
0.19913434871641314,614.026660859074,1.4604548123133902,0.7318749252243774,0.28999227276176676,0.652053191089026,0.5085690316736052,0.7254476968120742,0.5979501317620044,2024-12,road,fused,6,6,133
0.19829300545318923,547.3002760518497,1.3821650086733421,0.43732961759178124,0.23778665408732985,0.5264094237978665,0.3820740445037449,0.719274319026232,0.49905380945399624,2024-12,road,fused,8,8,102
0.19077872245102526,496.0647566100321,1.3898273158041863,0.4169816133582455,0.22339083637509222,0.47104960352442865,0.33181682859151734,0.7330875272181783,0.4568500016630139,2024-12,road,fused,10,10,73
-0.06013553058009136,60.93199997462049,3.7549333835272023,1.148128993558594,0.5155422830194885,0.9972793438303206,0.9945807929283744,0.822772447093342,0.9005554394251788,2024-12,road,leiden,4,4,2
-0.07373600469506998,80.330578875486,3.2751071815485275,1.0599854595928222,0.7068552246602768,0.9947563070401798,0.9895934597553868,0.8661195621967144,0.9237487089614537,2024-12,road,leiden,6,6,2
-0.10327029470620444,77.85835055711703,3.7368932354439095,1.1321278371655863,0.7924666692646681,0.9920928635762929,0.9843574180656613,0.8911753190938203,0.935451585318794,2024-12,road,leiden,8,8,2
-0.10331406944787204,66.72490496016103,4.03777127428989,1.0040554034306695,0.8352393245458981,0.9869628194963045,0.9744214718762221,0.9079067543126227,0.9399889175060836,2024-12,road,leiden,10,10,2
0.23340341762661918,735.4689448181904,1.4529353797559448,1.2666145037893841,0.48390611096292635,0.8350148022301804,0.7251291213731754,0.7295446915493841,0.7273302048690524,2024-12,hybrid,kmeans,4,4,375
0.21283606291755988,626.628847957094,1.4572790683824097,1.1480223025546112,0.4899311279190117,0.8003008226590422,0.6721163394942392,0.7845256771377821,0.7239836834803163,2024-12,hybrid,kmeans,6,6,106
0.20085810026685114,549.959180027491,1.3882875976220856,0.6110353743928205,0.4755499486892437,0.7371516318373761,0.5913899458076676,0.8066527506086352,0.6824488661048058,2024-12,hybrid,kmeans,8,8,80
0.19077372600111048,497.01746769894726,1.3919728437877799,0.42798672101145824,0.4405801757280972,0.6821382413210909,0.5294442983143463,0.8179900773559527,0.6428219293693724,2024-12,hybrid,kmeans,10,10,57
0.16401184244663544,618.4891528653621,1.4992652835732372,1.032497329710874,0.5018796304325619,0.8528249337772317,0.7500128155527667,0.7480250039003462,0.7490175908691109,2024-12,hybrid,ward,4,4,303
0.1814048686799035,546.6039331295865,1.5565982505013352,0.7986092933603814,0.5242248443975895,0.8167134399587296,0.6993134820802136,0.7892084726025743,0.7415465029941812,2024-12,hybrid,ward,6,6,112
0.15162245286527573,469.2003426542384,1.634766373570634,0.5123717465825887,0.49350333705684224,0.7502620502842837,0.6119212518139565,0.8105769718047146,0.6973777078134664,2024-12,hybrid,ward,8,8,112
0.15318644923896196,413.86213194820726,1.6604825051269487,0.513319158871209,0.4657820279586955,0.682635218530994,0.5362861909909478,0.8263388253209092,0.6504417514635397,2024-12,hybrid,ward,10,10,35
-0.014699209277993059,82.0771341464468,4.189778138494859,1.5150913711891096,0.5151067114703821,0.9888033102546281,0.978012791443985,0.7912586574355239,0.8747793774690599,2024-12,hybrid,spectral,4,4,159
-0.03483457646005232,195.94915561016927,4.026911465219785,1.2426807035951364,0.7379268849530899,0.9849037246839254,0.9706578886556331,0.8514580054139088,0.9071590149709818,2024-12,hybrid,spectral,6,6,158
-0.04253299264906797,155.38925054035062,4.362311420833646,1.3734985234677368,0.786068260565438,0.979260541197033,0.9598281086007415,0.8787533671359855,0.9175031875769689,2024-12,hybrid,spectral,8,8,67
-0.021575891608494345,148.46645523925773,3.8188545033207406,0.9547176839713256,0.79705645404521,0.9747944260700698,0.951286191126805,0.8955072587278338,0.9225543759083592,2024-12,hybrid,spectral,10,10,40
0.20272069218869063,689.8378515035571,1.586160455802496,1.181338519236711,0.568199675421632,0.8993985159039213,0.8209823910323,0.7525312802274391,0.7852679529281898,2024-12,hybrid,sgc,4,4,399
0.1977624197214885,580.2336212011561,1.4310615081076479,0.8629799535975806,0.6088825673166487,0.8906476330224873,0.8085757494092968,0.8142551285838908,0.8114055010080242,2024-12,hybrid,sgc,6,6,139
0.1702358312155453,497.8961842368522,1.5099211153762229,0.6662550691345899,0.5865284870816476,0.8411969986675384,0.7320263106152214,0.8369443614473102,0.7809773681680117,2024-12,hybrid,sgc,8,8,123
0.16271100999141755,438.7446894113843,1.5750376949728486,0.44838549396091226,0.5715304086438189,0.8072443451497143,0.6852015783237222,0.8563882116323367,0.7612901409844602,2024-12,hybrid,sgc,10,10,117
0.24039840252186112,717.0801681733226,1.4554196915986353,1.07478303259282,0.4894782516701841,0.8920435535898,0.8112283736849566,0.7503105599999719,0.7795812223659206,2024-12,hybrid,fused,4,4,152
0.2013479126087735,614.8222487145963,1.4536492064522433,0.6457945284387477,0.5317771666585807,0.8297817631610244,0.7161781607459319,0.7912595003489679,0.7518490326435034,2024-12,hybrid,fused,6,6,134
0.19972958379355057,545.008332167276,1.3954349211892616,0.44933845558940805,0.512864931916985,0.7743502888462888,0.638716235345157,0.8173682269343266,0.7170825186618522,2024-12,hybrid,fused,8,8,91
0.19331278205201785,494.0465316516806,1.4123945018761808,0.4888931317755474,0.460749169574659,0.6941416491184651,0.5430608630497382,0.8236373970510213,0.6545486282381954,2024-12,hybrid,fused,10,10,66
0.12568045073343004,3.685293757058957,0.899998037221215,0.3936275982565221,0.00011481981634118213,0.4999999999999024,0.9993914419196419,0.3731191217531557,0.5433722216294742,2024-12,hybrid,leiden,4,4,1
0.12569210039727322,4.0232361505788985,0.7573241036286031,0.2618442497375539,0.00011481981634118213,0.33333333333326826,0.9991927417711981,0.24882897879237245,0.39843554876465676,2024-12,hybrid,leiden,6,6,1
0.11026948561428909,3.745253321673155,0.7205391963341143,0.19613522316916188,0.00011481981634118213,0.24999999999995123,0.9991240490006658,0.18668396885627864,0.3145879266091179,2024-12,hybrid,leiden,8,8,1
0.10968292183215686,4.0979153707268745,0.7202183802671217,0.15649177020173252,0.00011481981634118213,0.199999999999961,0.9990700199803001,0.14939701212904194,0.25992574748705316,2024-12,hybrid,leiden,10,10,1
0.23340341762661918,735.4689448181904,1.4529353797559448,1.2666145037893841,0.5587295426757026,0.8952803049299666,0.8124622531626814,0.7660659628285134,0.7885822653346483,2024-12,multi,kmeans,4,4,375
0.21283606291755988,626.628847957094,1.4572790683824097,1.1480223025546112,0.5998499497652028,0.8763332101502135,0.7813893174478758,0.8275637090584024,0.8038139474705818,2024-12,multi,kmeans,6,6,106
0.20085810026685114,549.959180027491,1.3882875976220856,0.6110353743928205,0.608905134761816,0.8494316857659155,0.7412579374774347,0.8578588291130869,0.7953073591624804,2024-12,multi,kmeans,8,8,80
0.19077372600111048,497.01746769894726,1.3919728437877799,0.42798672101145824,0.5889454726074123,0.8154407472379986,0.6927098000308092,0.8759319670281753,0.7736204281464577,2024-12,multi,kmeans,10,10,57
0.16401184244663544,618.4891528653621,1.4992652835732372,1.032497329710874,0.5416560519876802,0.9075434428244293,0.8340556588756267,0.7764170911562802,0.8042049373557135,2024-12,multi,ward,4,4,303
0.1814048686799035,546.6039331295865,1.5565982505013352,0.7986092933603814,0.6000717979850472,0.8773186049348745,0.7861351870379959,0.828413059777116,0.8067205882225639,2024-12,multi,ward,6,6,112
0.15162245286527573,469.2003426542384,1.634766373570634,0.5123717465825887,0.5997334730051833,0.8421764021032134,0.7321525548008535,0.8557519579148538,0.789141887620508,2024-12,multi,ward,8,8,112
0.15318644923896196,413.86213194820726,1.6604825051269487,0.513319158871209,0.5881122383653526,0.803287750194994,0.6791396858029242,0.8768409022441673,0.7654304422862774,2024-12,multi,ward,10,10,35
0.2013171414357421,577.6708301689233,1.4051085691918257,0.8884272741011112,0.5760163614835973,0.9544800443364756,0.9132107414113537,0.7974296143150954,0.8514019757266655,2024-12,multi,spectral,4,4,121
0.1538121118302172,486.94188328317193,1.4602588585795593,0.951351146312227,0.6582680254017963,0.9368642621520104,0.8816354975445163,0.8469198393211556,0.8639290602911394,2024-12,multi,spectral,6,6,93
0.13209007247466933,426.54291322290413,1.5651834403398945,0.5790954536989994,0.6898982875700346,0.9161429664160674,0.8469118284957027,0.8744379993146008,0.8604548278803847,2024-12,multi,spectral,8,8,130
0.11612837576653627,405.65345201139746,1.5253146846128525,0.4694797509782327,0.697803692011414,0.8965250900145503,0.8145652520841272,0.8901359340359656,0.8506755405585095,2024-12,multi,spectral,10,10,130
0.21123062513072788,723.3430757621447,1.5471693740768766,1.129628267093497,0.6121561779774037,0.9307069517994879,0.8710658391203407,0.7780094793161587,0.8219121011237113,2024-12,multi,sgc,4,4,400
0.20927632636006163,611.2583460661314,1.4027809514356873,0.7542798377340727,0.6603906599641794,0.9146843475181955,0.8443801620983621,0.8384912579290916,0.841425406435692,2024-12,multi,sgc,6,6,120
0.19182741222954344,535.0286452186467,1.4383690222313286,0.6141254969933579,0.6682006523896269,0.8885108034265476,0.8010139242545655,0.8663697593478434,0.8324109772874123,2024-12,multi,sgc,8,8,106
0.17987304018909694,476.43582654344146,1.4442599374036766,0.45891269096208387,0.667054282757974,0.8674595550212769,0.7689508207571847,0.8859445278520625,0.8233122081215348,2024-12,multi,sgc,10,10,102
0.20811015746890363,725.160668851788,1.5642113043686365,0.9990407536856869,0.5945492557318156,0.9203714562525083,0.853934440361399,0.7744847281098408,0.8122714294592899,2024-12,multi,fused,4,4,401
0.2041806063921773,616.7632474662507,1.4253659243297692,0.8244116824831123,0.6370317088921338,0.8991399792363417,0.8192359886412404,0.8332567124852508,0.8261868705127048,2024-12,multi,fused,6,6,137
0.19352394980835064,543.2123064803078,1.4118425264497634,0.5418636911339413,0.6433672301421882,0.8715756976021645,0.7748645015493041,0.8618436721264361,0.8160429307510377,2024-12,multi,fused,8,8,112
0.18570680219966768,491.2138242809467,1.4205718578292978,0.4276572633382765,0.6290647698229186,0.8411163672436055,0.7292832995844131,0.8808915032349107,0.7979499628609152,2024-12,multi,fused,10,10,78
0.20576214774811596,584.5184711321273,1.3674810849257024,0.75367342387281,0.5480952158842253,0.9581616248308107,0.920575465572368,0.8047430360978737,0.8587709392837486,2024-12,multi,leiden,4,4,167
0.1603890649686071,499.903951929175,1.6604976356115995,0.5835450376813734,0.6839403958786614,0.9338259634223247,0.8769103990190926,0.8427398445860318,0.8594856263742553,2024-12,multi,leiden,6,6,194
0.13640358503785316,422.1335418467531,1.6837284072026977,0.548016550888159,0.6908105780824154,0.9124888324046602,0.8417698203777323,0.8758981941150918,0.8584949586392755,2024-12,multi,leiden,8,8,97
0.1252883893138274,379.38579056815996,1.5791437564307085,0.48882467121608686,0.7134147697731575,0.9026089757772354,0.8245830360666149,0.8951971415720192,0.8584403826409112,2024-12,multi,leiden,10,10,92
