SW,CH,DBI,S_Dbw,Q,MQ,AVI,AVU,ANUI,net,method,src,k,t,ari_adj,ari_noise,minshare
0.23329297063552304,814.4802037364319,1.538387287565201,1.4432135680310494,0.5679983740537005,0.9510441726177982,0.9069777350662115,0.7316532131167858,0.8099360930806312,rbf,sgc,raw,3,11,0.7257385591295143,0.8744602277323518,0.30357142857142855
0.24821676064983397,732.7103942072428,1.3824276298090976,0.9541597335326345,0.5961729857244397,0.940116440689135,0.8878424748057936,0.7886331572271827,0.8353023457632913,rbf,sgc,raw,4,11,0.7752075817705891,0.8774170920209798,0.06944444444444445
0.24993728412954283,665.9902803345144,1.4039974486897318,1.1221168618200943,0.6349139253717452,0.9212169675018643,0.8555628985903013,0.8151113197173503,0.834847387633899,rbf,sgc,raw,5,11,0.7350905557530554,0.8604939788638807,0.054563492063492064
0.21275084035326305,614.6404567060927,1.3589050286442774,0.8247535386281237,0.6659601181221597,0.9183539471712,0.8503318225117539,0.838302203159345,0.8442741640769514,rbf,sgc,raw,6,11,0.7095476382117835,0.8386864334203242,0.054563492063492064
0.206443942529746,572.7555861246942,1.4017569361877271,0.6985121403445995,0.6736158910507463,0.9071342383950904,0.8312952758488891,0.8547154786224099,0.8428427134156875,rbf,sgc,raw,7,11,0.6675034994428996,0.8166821495359642,0.05109126984126984
0.20199132965641486,533.8392841656271,1.4086552601559088,0.6311731638810498,0.6754521053812127,0.8940781340694113,0.8100509638167808,0.8669501248660312,0.8375352752811674,rbf,sgc,raw,8,11,0.643845737676179,0.7838033500974635,0.04712301587301587
0.19472248536456394,500.2846221430569,1.4149157358556506,0.5722101088446132,0.6759702375343263,0.8825237556507101,0.7922657441890323,0.877908167848119,0.8328911892547055,rbf,sgc,raw,9,11,0.606045946586738,0.7696124641604634,0.04861111111111111
0.18899175592461348,473.72406759076426,1.4515632256928521,0.4207150574193224,0.6755251690306502,0.874005111314738,0.7788693661904065,0.887071973064866,0.8294567991628689,rbf,sgc,raw,10,11,0.5064898553990336,0.7041806124716686,0.043154761904761904
0.18765780906111404,449.9904989526281,1.4702615325439639,0.4247311156530461,0.6757530303971852,0.8670202618699119,0.7680466127119335,0.8959490455486455,0.827082241686899,rbf,sgc,raw,11,11,0.5565165611403732,0.7722379320762393,0.034722222222222224
0.19201784875021752,434.8818601940969,1.4547737139802777,0.3954065716545263,0.6743228191664079,0.8594257602392726,0.756289620250404,0.9030090238814332,0.8231626707691129,rbf,sgc,raw,12,11,0.6088464411165407,0.655773966729686,0.010416666666666666
0.22876072555150911,807.2014618100084,1.564963107406367,1.3129534761349646,0.5512016728329747,0.9413744048877201,0.889843083181313,0.7276376669359093,0.8006071725277498,multi,sgc,raw,3,11,0.5206974802353133,0.9111674251993019,0.30753968253968256
0.24562602203083664,726.0135474329518,1.4140389597990186,0.9054533632623822,0.5845583974093447,0.9359379179062672,0.880223814968504,0.786066148735543,0.8304846807324058,multi,sgc,raw,4,11,0.8124387898487089,0.9361520137005821,0.0763888888888889
0.24761968441285628,659.34491815318,1.415309220900389,1.1504438321865798,0.6356891594186425,0.9206355733220439,0.8545566852348647,0.815659811091311,0.8346553228018737,multi,sgc,raw,5,11,0.8019673297299629,0.933090269106707,0.06299603174603174
0.21081619798832837,604.3419949400064,1.3794044668974104,0.860030461466279,0.6618571071664903,0.9177518916824222,0.8493305852281146,0.8384494825574481,0.8438549587075492,multi,sgc,raw,6,11,0.8006536230706475,0.9338514061160376,0.05704365079365079
0.20163638372231227,563.8882485424285,1.424508201335513,0.8928573305676375,0.6577469597935864,0.8968899179321976,0.815049848918715,0.8520466135360935,0.833137708913715,multi,sgc,raw,7,11,0.5697214509997147,0.9134551649763726,0.05555555555555555
0.1966134328557905,522.8278685313969,1.4161608649759312,0.5548680406091293,0.6666027647394062,0.8884892899684946,0.8012822697615439,0.8656135973890631,0.8322065483761613,multi,sgc,raw,8,11,0.5264371928766095,0.9202757953507698,0.05406746031746032
0.1841265223872351,488.6648849011069,1.4562452785053537,0.48481597324915393,0.669314420551698,0.8793320050334904,0.7877886489270725,0.8769039681914408,0.8299610213153579,multi,sgc,raw,9,11,0.6886972310195216,0.8902546733386698,0.05357142857142857
0.18724616926458634,460.1099881137859,1.4554152523662618,0.4341768379634223,0.6678946171788163,0.8731566101408825,0.7774538372727527,0.8888542570375545,0.8294302299427763,multi,sgc,raw,10,11,0.6882616891361834,0.8893074634892938,0.013392857142857142
0.17963862738625683,439.28290534495727,1.4955440896114078,0.41502832755572905,0.6684668959673381,0.8657911145820645,0.7659644070061358,0.89606895641499,0.8259243670341323,multi,sgc,raw,11,11,0.661770777265097,0.8799870136805915,0.011408730158730158
0.17867441584759944,415.8774644869298,1.4956278209141953,0.3965249603731386,0.6724943535360285,0.8586497053959373,0.7555379263919719,0.9023587535932301,0.8224472245847643,multi,sgc,raw,12,11,0.6256758858311913,0.76558299097315,0.03869047619047619
0.23041013467030622,818.9164504691481,1.5645282721252223,1.422617764416164,0.5486395234332582,0.9405131940262915,0.8882753030279987,0.727287714915259,0.7997604651497199,multi,sgc,evo,3,11,0.5563364338905078,0.9442451228467081,0.310515873015873
0.24700280286934573,732.1401232566649,1.4212829448918773,1.010516041590104,0.5869873594272584,0.9359915550476652,0.8803240416434797,0.7863847790675831,0.8307071017958996,multi,sgc,evo,4,11,0.87582197487625,0.9590265697941673,0.07688492063492064
0.25317230038753824,666.6123910044322,1.4197141734202066,0.8908481664998692,0.6389937508282706,0.9216834362975386,0.856194381768724,0.8164966166572171,0.8358744281789292,multi,sgc,evo,5,11,0.8607828826122599,0.9154687835505543,0.060515873015873016
0.21388053959259423,616.2840546207344,1.3620124000210725,0.9205000589616484,0.6646051760345212,0.919013437480301,0.8512723556989624,0.839006505958242,0.8450949260208557,multi,sgc,evo,6,11,0.8428976313454919,0.9242471940946895,0.056051587301587304
0.19674125723877478,562.0173041459606,1.4313540923988597,0.550868341769327,0.6774990477266936,0.9076612982603779,0.832200057345635,0.8551898018536457,0.8435383183839957,multi,sgc,evo,7,11,0.839848360321134,0.9225181181350363,0.05357142857142857
0.18510703807054774,520.4110763739646,1.4393532540221792,0.6154665978796958,0.6822966330367375,0.8980919347709941,0.8175410568352253,0.8692149631471608,0.8425864928530927,multi,sgc,evo,8,11,0.6057280954831779,0.9186105829701616,0.05257936507936508
0.18320949601117484,494.18710120137735,1.4426470441658674,0.43137880114815974,0.674044367825813,0.8822230879159463,0.7920064463979288,0.8777440951191439,0.8326740603899417,multi,sgc,evo,9,11,0.6238429997380591,0.8797216242720824,0.05257936507936508
0.18246359913995122,469.4609451013649,1.4755816674889193,0.4459706296971524,0.6705274983625515,0.8730710646249917,0.7768830144954547,0.8888173744301688,0.8290892236967145,multi,sgc,evo,10,11,0.752074344594986,0.859784532826544,0.021825396825396824
0.18012998370210645,447.7183889646028,1.5051978645215776,0.4075092430524687,0.670511184423598,0.8664174976276094,0.7664458849016351,0.8964460440762799,0.8263644432269373,multi,sgc,evo,11,11,0.684426731651208,0.6726176324307712,0.015873015873015872
0.18390278303834634,429.9480903494649,1.4727630903783122,0.3925705695819609,0.6691092683262623,0.8562731778640384,0.7515005337053946,0.9029585602857675,0.8202969084369802,multi,sgc,evo,12,11,0.6740694653495063,0.6986597635629923,0.01488095238095238
0.24899582550985994,791.9786742229685,1.4227237878118633,0.9445227370981872,0.5250118072563924,0.9458021832429174,0.8976481752165424,0.7354559603921312,0.8084979841798837,multi,fused,evo,3,11,0.8481670890088295,0.929812044969012,0.18551587301587302
0.24727015283182333,734.5064048672971,1.4330168469902185,0.932867794327396,0.5771589417134475,0.9313074811042471,0.8721364544588388,0.7844935699950843,0.82599666863624,multi,fused,evo,4,11,0.8087737719069431,0.9175060339443853,0.08134920634920635
0.25296433511554467,672.2433592891992,1.424660059192377,0.9953652705319224,0.6281135894595196,0.9138287701562359,0.8430992565233757,0.8137677747348556,0.8281738883297199,multi,fused,evo,5,11,0.8521458426001106,0.9027849037157436,0.06646825396825397
0.21413019404399022,620.0408100717358,1.3680040176145107,0.8640324810738178,0.6409203570958946,0.9039445308257541,0.8262031659129311,0.8345976658226978,0.8303792009126405,multi,fused,evo,6,11,0.8379725959610543,0.8856376314976289,0.06299603174603174
0.1924998421202163,565.3200150699929,1.41044197481387,0.5329377304622953,0.6600613660274682,0.8967321644416076,0.8143856206819822,0.8521973453556263,0.8328625435199621,multi,fused,evo,7,11,0.574925500191393,0.5939427854009393,0.056051587301587304
0.19144332515212562,528.6091141069817,1.4432248583710583,0.6003214786704218,0.6628793026897203,0.8842096934838217,0.7953771428732919,0.8661520877376523,0.829257241035454,multi,fused,evo,8,11,0.7888807730538229,0.7865512134739253,0.050595238095238096
0.1851875814375146,501.8940315235193,1.4541691018986245,0.5418747823440406,0.6487171985364591,0.8656597544059759,0.7660162191748962,0.8737741555116404,0.8163545601312668,multi,fused,evo,9,11,0.6222562296791275,0.6761104151936778,0.050595238095238096
0.18079248670661244,474.1924378149863,1.4671606721066293,0.4108995012519668,0.6400114444897548,0.8495416443131706,0.7413116817095095,0.8820035468668295,0.8055607698261062,multi,fused,evo,10,11,0.6370615781310554,0.7768076572140499,0.047619047619047616
0.1868351904010323,460.25057453201305,1.4305152514031119,0.39942008280393154,0.634681810765529,0.8426092356808176,0.7306744400277061,0.8918335917587061,0.8032502736375619,multi,fused,evo,11,11,0.6041741087487449,0.8191706013861443,0.01240079365079365
0.19154360683109573,442.75892702812496,1.439647955632167,0.3870795913904838,0.6370168525556895,0.834366398395551,0.718737872731244,0.8991964893286264,0.7989033264417988,multi,fused,evo,12,11,0.6899328463114592,0.7176984848498029,0.015376984126984126
0.23313276217747755,825.041834076156,1.540413792977419,1.4713389815886893,0.5669961049922805,0.950818854251911,0.9065752399130479,0.731609087293871,0.8097485402835576,rbf,sgc,evo,3,11,0.8588654274416005,0.8771877135087447,0.3030753968253968
0.2484006580438158,739.2049463075384,1.4029837487020584,0.974152230002691,0.5999458320001949,0.942669032392443,0.892180501230455,0.7889423181765154,0.8373914680671823,rbf,sgc,evo,4,11,0.8369161796256683,0.8754113528425916,0.07192460317460317
0.2527049507068928,673.9920304657594,1.4124090567084562,0.8739158191825073,0.6380510841034666,0.9210130209291085,0.8552520228902916,0.8154045246030357,0.8348530644273678,rbf,sgc,evo,5,11,0.8274047289679688,0.8467847165063204,0.05704365079365079
0.2158576280167701,623.7279035775242,1.3616664359006652,0.8503186245385944,0.6657527478389778,0.9170872969167786,0.8482727683534371,0.838204133419724,0.8432083949127903,rbf,sgc,evo,6,11,0.7855452473787001,0.8616062319049007,0.05357142857142857
0.20406302572806378,575.9032123228817,1.4057623343752004,0.6489626780647241,0.6710523896678735,0.9042329862690961,0.8265179632241004,0.8542413901128584,0.84015103346664,rbf,sgc,evo,7,11,0.5756069372749578,0.8062078733791774,0.051587301587301584
0.1962540365148525,536.2270515499438,1.4245320790563583,0.5942886101478574,0.677067357874272,0.8939227096116502,0.8095820596292047,0.8668986178551161,0.8372605517715559,rbf,sgc,evo,8,11,0.5418993022052436,0.7699335396106759,0.04861111111111111
0.1909368206985933,503.54831608693434,1.4141639696883168,0.5182952530167538,0.6760643730390283,0.8817148034781116,0.7909628118364184,0.8779899315814804,0.8322073681069434,rbf,sgc,evo,9,11,0.5415987236096156,0.6467352216270269,0.04662698412698413
0.18853508066172603,476.33598087423695,1.4713409452330812,0.49226865443058115,0.6735068158536105,0.8734284939084735,0.7775685914301784,0.8871982138726106,0.8287736916455511,rbf,sgc,evo,10,11,0.5372024632809287,0.7726923356211786,0.04265873015873016
0.1915528271079739,456.7817452114138,1.4723776575369443,0.4111417598526229,0.6753414596841714,0.8638151876832925,0.763179988365663,0.8951377047174933,0.8239086948429419,rbf,sgc,evo,11,11,0.5789097936259011,0.6443391880997009,0.04017857142857143
0.19181526504293,438.13298668369816,1.4385134707766367,0.4137241140575764,0.6698556985314446,0.8572134971430113,0.7528841965287416,0.9022457241557059,0.8208256507394234,rbf,sgc,evo,12,11,0.7117966722731165,0.6743821199794526,0.03273809523809524
0.25350369685403346,850.659231463215,1.4283371527351834,0.9045044934923181,0.5546929637975027,0.9523299205818047,0.9094254145957607,0.7353522155934894,0.8131773940318809,rbf,sgc,raw,3,17,0.7364168607321212,0.8750593880677641,0.22172619047619047
0.23971346913940436,724.0506212224838,1.5228142473742947,0.8935750347102231,0.5911635371948042,0.9335571415230783,0.8765485007081151,0.7854607349616515,0.8285085483509503,rbf,sgc,raw,4,17,0.4958935049422842,0.37633960015144896,0.09275793650793651
0.22517766409532866,675.1234640310504,1.4083345529603273,0.7603587079528533,0.6359694623133914,0.9253247989665303,0.8620133873510258,0.81545302504489,0.83808703309913,rbf,sgc,raw,5,17,0.6919364420810467,0.8021891126078664,0.07490079365079365
0.21497650949923183,622.907587460707,1.408316749978251,0.8139844162741108,0.6654369769779612,0.9146034893967218,0.844228306457568,0.8366094379538728,0.8404016048760359,rbf,sgc,raw,6,17,0.6054646236341338,0.8441865634268916,0.07192460317460317
0.20451119395733033,574.3850220018902,1.4302766079376241,0.5436518953411584,0.6750395810673853,0.9049571959249167,0.8283053801341413,0.8539884048616144,0.840950845360714,rbf,sgc,raw,7,17,0.587534346502998,0.5519736152384168,0.05406746031746032
0.2026397964747847,544.1789781896629,1.4176456561869282,0.593100730933556,0.6770283239623902,0.8951563043137089,0.811800370295676,0.8675216398527713,0.8387365665615474,rbf,sgc,raw,8,17,0.5954930518111933,0.7285674580468133,0.046130952380952384
0.1982134886942174,509.49719330019417,1.4358953569790636,0.5113101691421424,0.6772956658569073,0.8843142816288413,0.7947948873274745,0.8780920811954098,0.8343696972577489,rbf,sgc,raw,9,17,0.5888129406327662,0.5443340652548241,0.046130952380952384
0.19328504981540695,487.56371310061473,1.4476617512424848,0.4386917830977151,0.6792193885438182,0.8769931942291022,0.783244355337876,0.8876589931131724,0.8321892423818398,rbf,sgc,raw,10,17,0.5929190692269232,0.7347004260453371,0.03373015873015873
0.1977748157284135,463.85373127323646,1.408180676568048,0.390780159094112,0.6783455631193961,0.8683503322519198,0.7697528646605402,0.897222901344378,0.8286142037969186,rbf,sgc,raw,11,17,0.5624830417389961,0.6696304451684904,0.011904761904761904
0.19736283228168083,443.3386743033666,1.4256344682492061,0.37939383307748786,0.6738359919631737,0.857552604647605,0.7537315000843549,0.9029926315674947,0.821638289384322,rbf,sgc,raw,12,17,0.6337180805465011,0.5733961588780754,0.01240079365079365
0.25624235111433463,844.441942568446,1.4424257733395855,1.0389293014326306,0.5440308542486626,0.9493782509188539,0.9042124435971343,0.7339056884488846,0.8102061053349667,multi,sgc,raw,3,17,0.8302492510985354,0.9301839233912581,0.22817460317460317
0.23439494321195165,711.4493684439273,1.440019917328775,1.0158089149123255,0.5871577282084266,0.9263431136611494,0.864334095822221,0.7813444204804727,0.8207467211987336,multi,sgc,raw,4,17,0.6988640682074628,0.9602021529917119,0.16121031746031747
0.21824511676750277,664.5909558021947,1.4389849808288848,0.7264892973339288,0.6323683037692995,0.9227701909862951,0.8573861155250821,0.8141382847620934,0.8352027183714241,multi,sgc,raw,5,17,0.7916710836542252,0.9487109450299565,0.08531746031746032
0.21148833133132264,608.8349873947457,1.413482101974634,0.8681996460299335,0.6587531579213431,0.9129068828672852,0.8411886800385521,0.8368086581271911,0.8389929525679565,multi,sgc,raw,6,17,0.7766775051853945,0.9084191475669792,0.06845238095238096
0.20182457181408933,563.6628947203152,1.4210481614989205,0.6644713628040356,0.6672994607908378,0.9018984871306021,0.8229331220442183,0.8540777127962838,0.8382162166844422,multi,sgc,raw,7,17,0.7413794592926655,0.9056799797928033,0.04265873015873016
0.19791408683715678,536.5057567570585,1.4142086368425204,0.6016032769296825,0.6637864031792386,0.8871149365709416,0.7988985804499467,0.8657625687294535,0.8309877208406029,multi,sgc,raw,8,17,0.7138338033937425,0.9189092870373463,0.04117063492063492
0.19225997714363013,499.19324933269087,1.4432366379974064,0.46356996864315686,0.6683342361685011,0.8795621580323302,0.7870920421505715,0.8773607497827776,0.8297786126415063,multi,sgc,raw,9,17,0.7135660364170436,0.9077847823674227,0.04117063492063492
0.182490974891935,472.36733102057303,1.4766931662154978,0.41612425431052846,0.6650184006378198,0.8657032765200956,0.766222126465051,0.8857717756382091,0.8216712333232314,multi,sgc,raw,10,17,0.608865735460409,0.6338996410652937,0.03869047619047619
0.18719276231484805,450.7107247512934,1.4402064629851579,0.45982110902025797,0.6600295264033245,0.8587279746184031,0.7550277706728786,0.8954872200358256,0.8192809192468822,multi,sgc,raw,11,17,0.6330463717644892,0.8102050385307098,0.01488095238095238
0.18880687461597012,433.48022179136194,1.39878832282018,0.3932485423887708,0.6562927329998895,0.8489644005857522,0.7409086219079931,0.9016148496755064,0.8133999024323786,multi,sgc,raw,12,17,0.5978457470402451,0.6997495087187291,0.015873015873015872
0.2628984985681223,873.5699052470324,1.4330800932695933,0.9100214623443519,0.5519750208069295,0.950474096322428,0.906129770361425,0.7338058458447848,0.8109139359056293,multi,sgc,evo,3,17,0.9209252322557676,0.8943868193521202,0.23759920634920634
0.24540602274052714,740.8150480389725,1.430312886798647,0.9606005179092504,0.5975291592617747,0.9268071756274431,0.8648238860937383,0.7792325506991867,0.8198002301923127,multi,sgc,evo,4,17,0.8189692115648103,0.4400725359127187,0.19345238095238096
0.22816066596942938,693.8102207277361,1.3957461114030498,0.7245006959297037,0.6354086773707801,0.9228680306146989,0.8574498994929248,0.8145638846989746,0.8354568935600624,multi,sgc,evo,5,17,0.8719759220904284,0.9394136529943423,0.08234126984126984
0.2169996985777736,629.1434488332111,1.4005722253567126,0.769921829758164,0.6619181236160266,0.9124424099944171,0.8404432070495679,0.8372551499173072,0.8388461494198654,multi,sgc,evo,6,17,0.7879261877160142,0.9299781938704629,0.07043650793650794
0.2050956716585853,584.5402174341675,1.390133368714283,0.6929760464338122,0.674436191411732,0.906747496853208,0.8308701887182807,0.8552829656124606,0.8428998483564127,multi,sgc,evo,7,17,0.8311714849468104,0.9275813518726209,0.043154761904761904
0.19876246051205332,556.7590728617519,1.39065487248843,0.7715680810788064,0.6708104495655309,0.8913797758596305,0.805744987534589,0.8667263222639038,0.8351239099128742,multi,sgc,evo,8,17,0.8457420369705839,0.8845231645443826,0.040674603174603176
0.1983601753427947,522.8728537276072,1.382506149796927,0.4261814744378917,0.677246733046917,0.8851243942979196,0.7960460490114083,0.8787768804693556,0.8353681470991803,multi,sgc,evo,9,17,0.7838980678934553,0.9229928753157655,0.04017857142857143
0.1903339341690426,494.226874959992,1.4674573176610768,0.4282977695781723,0.6752380086781006,0.8749775078030286,0.7798688545113006,0.8873601116740769,0.8301493410508818,multi,sgc,evo,10,17,0.6332609680538188,0.7895910371313529,0.039186507936507936
0.19070220648458175,470.1198795810043,1.4729623285204865,0.3910695938771527,0.6724603132493759,0.8636752294373378,0.7625371926030794,0.895188122770326,0.8235553039554486,multi,sgc,evo,11,17,0.6969463489223806,0.9201386672960266,0.037698412698412696
0.18605669323592194,443.957497771484,1.4848507252022671,0.3940996721365236,0.6726364804697333,0.8572519616623889,0.752749644621523,0.9022493250035998,0.8207471680902594,multi,sgc,evo,12,17,0.5608481822803885,0.7941535881346202,0.030753968253968252
0.25825668172608646,860.5489973588722,1.3712665253320493,0.8654317783086898,0.5300133812851435,0.9482681951563484,0.9020673438223606,0.7367255106579123,0.8110555555671047,multi,fused,evo,3,17,0.8184921551819778,0.9397081306912203,0.18353174603174602
0.24332629557163288,739.8844326925905,1.4136473785115085,1.0549118277037624,0.584752493191967,0.9249412585292821,0.861983364813472,0.7799835319210865,0.8189359123879031,multi,fused,evo,4,17,0.8690648930437789,0.9125213721425907,0.16765873015873015
0.22540775442743813,694.4423238629657,1.404210582894963,0.7388517928099471,0.632861494114762,0.9195770269398562,0.8522668184265993,0.8134733720073344,0.8324183646603674,multi,fused,evo,5,17,0.7525895287169898,0.9106984874816779,0.09474206349206349
0.21845808828803145,633.9603433577836,1.3747006548500404,0.7242185404371686,0.6441203357629438,0.902496968963543,0.8241391802849066,0.8348332671399387,0.8294517555404227,multi,fused,evo,6,17,0.8691741573195633,0.8876889470701491,0.07142857142857142
0.20552044943452946,587.9698700408478,1.372035278810148,0.6842633945793324,0.6683768037034769,0.9029191030831711,0.8244821146289804,0.8545182341840564,0.8392315120205208,multi,fused,evo,7,17,0.8319672928226944,0.8766371026392029,0.04365079365079365
0.20186062253681356,561.2801623201852,1.3910177585086028,0.6577135514810196,0.6537972776697768,0.8804401316891637,0.7882944444585741,0.8644273576674288,0.8246073632117247,multi,fused,evo,8,17,0.8114806729122426,0.7877249185394218,0.04117063492063492
0.1987927298175165,529.4561279517413,1.4022267186102537,0.47695733450156175,0.6575424882159865,0.8729080244480792,0.776618027543411,0.8758974249212635,0.8232754852098235,multi,fused,evo,9,17,0.7966137522144403,0.6849173331450584,0.039186507936507936
0.1938784880964059,502.98832371345634,1.441494071251031,0.43760394130743757,0.6528343952467858,0.860177864820975,0.7573433706161385,0.8844463139091671,0.8159748581904986,multi,fused,evo,10,17,0.7368516732349489,0.8200223480682692,0.036210317460317464
0.19359450953136578,478.1862798049662,1.4396290556580404,0.4184493793953017,0.6427968182575493,0.8428428669190378,0.7315363116263747,0.8912592850461839,0.803537465127346,multi,fused,evo,11,17,0.7950908505328559,0.7911038964558467,0.029265873015873016
0.19600917978943647,458.85109604507807,1.4273699103867974,0.3811955889134291,0.6433218412590378,0.8388019486172476,0.7255783734310475,0.8995599376073743,0.8032562298225954,multi,fused,evo,12,17,0.7877052517057223,0.7038822925117585,0.017857142857142856
0.2608056694657746,879.6779743504188,1.42285782592781,0.9175153527158402,0.5553656691021598,0.950911377074341,0.9069995653427817,0.7340295692294286,0.8113987572962734,rbf,sgc,evo,3,17,0.9097116768588734,0.8176295753087915,0.23759920634920634
0.24133292564477687,746.0932118538497,1.5076616714560658,0.8924886411355891,0.5938045762141977,0.9329619124748241,0.8755238750157196,0.7839866479878977,0.8272307026582674,rbf,sgc,evo,4,17,0.55918590526996,0.5220967538899359,0.09970238095238096
0.22967566725366814,701.0856455839917,1.3931201846398262,0.6849714189004218,0.6397301811047358,0.9242775370052572,0.8602746350415487,0.8150802321758611,0.8370678510981491,rbf,sgc,evo,5,17,0.8369622006869419,0.8243818963743414,0.07787698412698413
0.2141631658978051,637.1796050516824,1.4419836532795776,0.9822445600628682,0.6682480037747043,0.9159508069068848,0.8464180914358742,0.837058536926982,0.8417122962193095,rbf,sgc,evo,6,17,0.6943568389668483,0.8064448487462617,0.07142857142857142
0.2052754195349094,592.1527163521492,1.3896166090074595,0.6964524410854785,0.6674772772439295,0.9022829018261442,0.8238601489792413,0.8537929675612895,0.8385595264205018,rbf,sgc,evo,7,17,0.7561474830385388,0.7839496498719294,0.03819444444444445
0.20440947852795982,563.0539290602281,1.3868936142956896,0.7379069970072853,0.6757123833199148,0.8930080995349631,0.8086178214033164,0.8671132842960441,0.8368445897700219,rbf,sgc,evo,8,17,0.7691019783680321,0.7808487585663613,0.037698412698412696
0.19940939610485825,528.9046147575459,1.3815819993895213,0.4812209448553628,0.680797635923421,0.8859827967083969,0.7974658907721754,0.8788840630068478,0.8361977886667411,rbf,sgc,evo,9,17,0.7446337722608768,0.8260147088894402,0.037698412698412696
0.19506809017976925,501.52111718937743,1.4349161015745697,0.45188251381668865,0.6805719959597054,0.8780194671030473,0.7847892950919385,0.8878518714412458,0.8331453969630532,rbf,sgc,evo,10,17,0.7100461888179469,0.781623464719157,0.037698412698412696
0.1945600100399585,476.3081646755568,1.4439999712482028,0.4069848785404495,0.6797561226206169,0.868251343874567,0.7700041188269022,0.8955245785715396,0.8280345035032867,rbf,sgc,evo,11,17,0.7228405410486389,0.6892810366356148,0.03720238095238095
0.19981724552266936,460.1702882177137,1.4183864000011421,0.3795540372607169,0.6760369350477193,0.8551753948853739,0.7503814735322805,0.9033706603628483,0.8197995254245038,rbf,sgc,evo,12,17,0.7761292083440178,0.7379350626422368,0.015873015873015872
0.24844411731312668,869.1092334213613,1.4628967193070377,1.3634978254621681,0.5616870220884629,0.9500968471922354,0.9053621747572546,0.7321414529535072,0.8095898743164199,rbf,sgc,raw,3,23,0.7653282891866169,0.8515053880612616,0.25793650793650796
0.21170363729056707,730.3304622041072,1.5077663996469641,1.0200927844498402,0.6250495392705668,0.9388054610109626,0.8854006684620145,0.7809260402031106,0.8298882018985481,rbf,sgc,raw,4,23,0.5485219660373507,0.8654993724861144,0.1800595238095238
0.22485428570439125,680.6874298470068,1.4027202679868789,0.9324825207841361,0.6402105956744539,0.9239849248335219,0.8599538884323593,0.8154452082997666,0.83710833919904,rbf,sgc,raw,5,23,0.6372154669236942,0.8390688158431755,0.07341269841269842
0.2064038209121468,621.5089834430718,1.447862287519192,0.6909812304009841,0.6594924224321368,0.9124757341812252,0.8407976225656942,0.837123819931164,0.8389566993594617,rbf,sgc,raw,6,23,0.6728322912100089,0.7999703684906624,0.05257936507936508
0.2008426057817516,584.7240809966365,1.423493057420176,0.7094249598991478,0.6668435388767913,0.9012487252785134,0.8216543305317279,0.853367236345767,0.8372105758424002,rbf,sgc,raw,7,23,0.5425950080252993,0.8378414495285429,0.05257936507936508
0.1990891413881957,545.9609874021777,1.39653063274883,0.5811213374064129,0.6754289533872505,0.8943257725722886,0.8103263649038647,0.8680618544204362,0.8382010775635527,rbf,sgc,raw,8,23,0.49269460002624366,0.8048114161897043,0.044642857142857144
0.1922129596704339,518.6466947444775,1.4115977021853163,0.4598545409014711,0.6749147684410692,0.8838067263337597,0.7938626617752644,0.8786839440482966,0.8341224959019611,rbf,sgc,raw,9,23,0.4500443581383437,0.7654231090477105,0.04265873015873016
0.18880386987684775,493.0092195422858,1.4177771088234334,0.459503507945949,0.6748931699909502,0.873400648117182,0.7775694245196814,0.8876028155329239,0.8289506561240373,rbf,sgc,raw,10,23,0.6070570824255298,0.7796721796123055,0.03571428571428571
0.19278656184205678,467.64859036546045,1.4284117330437711,0.4090551523298805,0.6730991293542359,0.8636336870042002,0.7626790496726314,0.8955247536354246,0.8237804866904962,rbf,sgc,raw,11,23,0.5609205473103231,0.743011074288786,0.030257936507936508
0.16933095479455543,443.77841913575276,1.396081263133533,0.3931645312534705,0.6667288081812294,0.8614576278537943,0.7592277847460597,0.9017455280759911,0.8243723778104273,rbf,sgc,raw,12,23,0.4249961274386432,0.47435920042660545,0.03571428571428571
0.26161229322889334,851.8261745130706,1.4349614604823948,1.0233953997016412,0.5499970058855974,0.9527268460662518,0.9102477926605653,0.735815948563853,0.8137896804483049,multi,sgc,raw,3,23,0.8428111473980471,0.6813735987781301,0.22371031746031747
0.21123062513072788,723.3430757621447,1.5471693740768766,1.129628267093497,0.6121561779774037,0.9307069517994879,0.8710658391203407,0.7780094793161587,0.8219121011237113,multi,sgc,raw,4,23,0.5745936383616267,0.9472518140149438,0.1984126984126984
0.22246608213354557,673.2200218010879,1.4040756245880488,0.92495041319978,0.6331774138816476,0.9221604514109728,0.8564095592932952,0.8155993855155946,0.8355064277347056,multi,sgc,raw,5,23,0.7425623878213775,0.9342452704783233,0.07341269841269842
0.20927632636006163,611.2583460661314,1.4027809514356873,0.7542798377340727,0.6603906599641794,0.9146843475181955,0.8443801620983621,0.8384912579290916,0.841425406435692,multi,sgc,raw,6,23,0.7336526115594321,0.9367900354426377,0.05952380952380952
0.1966550243474052,570.7443065102842,1.4528129532097656,0.7149431671545039,0.6650395406393761,0.8997978483400153,0.8193380510768836,0.8532683121132412,0.8359590293064535,multi,sgc,raw,7,23,0.5302736863895712,0.9093689573027142,0.059027777777777776
0.19182741222954344,535.0286452186467,1.4383690222313286,0.6141254969933579,0.6682006523896269,0.8885108034265476,0.8010139242545655,0.8663697593478434,0.8324109772874123,multi,sgc,raw,8,23,0.6886161192328826,0.9180823901200847,0.05257936507936508
0.19261253679993934,505.758612123965,1.4326978735593352,0.5250504571768732,0.6651313914163293,0.875687197960168,0.7812574549344967,0.8772240304945528,0.8264642318799783,multi,sgc,raw,9,23,0.6036050993127047,0.9028384405854194,0.04861111111111111
0.17987304018909694,476.43582654344146,1.4442599374036766,0.45891269096208387,0.667054282757974,0.8674595550212769,0.7689508207571847,0.8859445278520625,0.8233122081215348,multi,sgc,raw,10,23,0.640905727593233,0.8494301444571281,0.050595238095238096
0.1881292302942273,453.18740573012525,1.4548517397085796,0.44814876994539593,0.6707916795060549,0.8656080729899734,0.7654699795676417,0.8965873494616831,0.8258568318740811,multi,sgc,raw,11,23,0.5395564967636031,0.8695824913499491,0.012896825396825396
0.17797294682939532,432.0369362970504,1.4690390872977408,0.4090920976304834,0.6548780404356671,0.8465696795529402,0.7368538457699366,0.9013720553176459,0.8108521114078585,multi,sgc,raw,12,23,0.48303656640503756,0.8312241125491014,0.02628968253968254
0.26901727941787346,896.0797389083126,1.4197289792309569,1.00854710164475,0.554461250949686,0.9537736450378235,0.9121370180146936,0.7359553099692743,0.8146292175854072,multi,sgc,evo,3,23,0.8684192204578798,0.9189771157191658,0.23065476190476192
0.2146369947275522,757.9548261094517,1.4883374593490206,0.9829843749529458,0.6146340675761464,0.9351043657993618,0.8787217268664924,0.7803484756600039,0.8266186193266033,multi,sgc,evo,4,23,0.5858124290593368,0.788230781840931,0.17609126984126985
0.22925902783056154,711.1740053354604,1.394264265844508,0.9371570979007502,0.6359301468590266,0.9229978388612535,0.8577239109659353,0.8152937972667755,0.8359708100354899,multi,sgc,evo,5,23,0.8607012749546525,0.9186826502857741,0.07738095238095238
0.21416959704431224,647.6440374655698,1.4262220230685279,0.7030812514634697,0.6609509090639617,0.9121828062986758,0.8399276016546624,0.8368313003561344,0.8383765921914698,multi,sgc,evo,6,23,0.8192003772693968,0.9291692379790603,0.06845238095238096
0.2006102017819848,592.6753820189174,1.404904738282455,0.5535359301384306,0.6713956159350113,0.9030806534746153,0.8248453839894632,0.8546887067130644,0.839501905180012,multi,sgc,evo,7,23,0.8468050762289733,0.9357192573690838,0.0496031746031746
0.1916519802824154,556.7338874187718,1.4279838415728967,0.7348267035618992,0.6748752625114709,0.893060922604575,0.808017764423838,0.8675149471794563,0.8367100007889952,multi,sgc,evo,8,23,0.7547346414536857,0.882802911539026,0.049107142857142856
0.1924813005477386,526.6865151833634,1.3882030348769168,0.4720582287252372,0.6688551976782098,0.877666883317776,0.7847342517102283,0.8778556414640808,0.8286870896324878,multi,sgc,evo,9,23,0.6566369614001398,0.8948268537360732,0.04563492063492063
0.18761897651182335,499.7923606996204,1.4540627844843796,0.43331796566595715,0.6754289715859272,0.8740163824887774,0.778354109314533,0.8876177901382049,0.8294028905064871,multi,sgc,evo,10,23,0.7945075212125017,0.9030103365140001,0.044642857142857144
0.1900135700949372,475.23753794423055,1.464767002552845,0.428169339724943,0.675155191475225,0.8663178957872885,0.7664046857950381,0.8970201596424825,0.8265843274949697,multi,sgc,evo,11,23,0.6909193208068984,0.8372978106058546,0.017361111111111112
0.1884655484024764,455.97101043944997,1.4348185165160807,0.4051315868169822,0.6669080028578438,0.8549378963749231,0.7492583608749693,0.9025611906210189,0.8187958759311227,multi,sgc,evo,12,23,0.7637236788163587,0.7357595417008159,0.01636904761904762
0.2648781791457975,886.9723151357966,1.3624359657511274,0.9014710965267063,0.53548512673381,0.9512838828541135,0.9075304910130871,0.738216113533217,0.8141637724026873,multi,fused,evo,3,23,0.9385864032151442,0.9187863443195565,0.1840277777777778
0.23866400174267194,759.5986302140805,1.455214488002683,1.0956565236339995,0.5990153582129631,0.9293443197613545,0.8691237356408542,0.7799621782529285,0.8221325963797108,multi,fused,evo,4,23,0.784415094619119,0.9200068408857168,0.16567460317460317
0.23007638423934695,710.8419476002208,1.3849565144696256,0.9958879075032406,0.6347121362145935,0.9236611797161846,0.8591671505130654,0.8161964835375924,0.8371307491304365,multi,fused,evo,5,23,0.8216821078024552,0.9174855290591901,0.07936507936507936
0.2166954866913234,649.4446014764048,1.3880748776798155,0.6432762324422729,0.650954890449402,0.9060369088710698,0.8299176005586538,0.8350639398922569,0.8324828167408196,multi,fused,evo,6,23,0.8337920952088873,0.9027371459482304,0.07738095238095238
0.20070165183600383,594.1153025630829,1.385327793798023,0.5501988938476691,0.6643592762085412,0.8978263713303934,0.8165125901303837,0.8535502714938866,0.8346207307498874,multi,fused,evo,7,23,0.85488193477018,0.8654178295970273,0.05257936507936508
0.1934695796904482,560.8491946663521,1.4133855442491154,0.6454301644688799,0.6589943691985252,0.881176392066039,0.7891700058656026,0.8646094475640652,0.8251690893730095,multi,fused,evo,8,23,0.5785504747446872,0.8413222073218747,0.054563492063492064
0.18952402001595584,532.6460697891094,1.4078041781214756,0.44258688416089625,0.6467531110838117,0.8637596580121155,0.7628862793479047,0.8737757209078949,0.8145744308884374,multi,fused,evo,9,23,0.6299251187614365,0.7050572796460804,0.0496031746031746
0.19114244181489987,509.7968758184613,1.4243032733213092,0.42962908550311407,0.6442389835664413,0.8527323498538525,0.7460357118341467,0.8832840911655042,0.8088792322917234,multi,fused,evo,10,23,0.677883603405673,0.8107096438413506,0.037698412698412696
0.19450399710576485,488.1925128011965,1.4190247918357692,0.4156642449460088,0.6430896508966178,0.8414777691398458,0.7295003126875167,0.8916612876029624,0.802470510035228,multi,fused,evo,11,23,0.8047164435824701,0.7884382460220674,0.03373015873015873
0.17502827736563653,464.44241541193344,1.3995992922815106,0.389690793240276,0.6354592270163256,0.8390622391964152,0.7258856502502083,0.8979512286774108,0.8028022025851874,multi,fused,evo,12,23,0.6439216505782227,0.587345562581728,0.03521825396825397
0.25722665376770587,907.7927817931272,1.4398919582372762,1.1141158467499341,0.5647630693190347,0.9521522427842534,0.9091681258802179,0.7332442918141315,0.8117843379879714,rbf,sgc,evo,3,23,0.8213725458359593,0.852339488846515,0.2554563492063492
0.2126096968945573,761.1107087835986,1.4987366435250233,1.047330162250027,0.6255910336781616,0.9396970593531413,0.886917647042141,0.7813501833738415,0.8307937772565688,rbf,sgc,evo,4,23,0.8552747766219255,0.5500844360332736,0.17559523809523808
0.229535975584252,715.3062424476273,1.3870735660484352,0.8377468766564602,0.6447278001514936,0.9282798296379872,0.8671583102329974,0.8166462419091826,0.8411446260680697,rbf,sgc,evo,5,23,0.8344054159481556,0.8814570100173656,0.07539682539682539
0.21204571237751338,653.891512088101,1.4381258775640278,0.7359247595439038,0.6655049928246672,0.9140346469277182,0.8433846421152703,0.8367581209188985,0.8400583139415747,rbf,sgc,evo,6,23,0.851117619664509,0.8235871766599593,0.06746031746031746
0.2042065502610593,600.4017547086925,1.422311756929647,0.5105117368735024,0.671732543155224,0.9038080504091008,0.8262621646376328,0.854923226007652,0.8403483866208455,rbf,sgc,evo,7,23,0.6877863585703731,0.792755972878704,0.043154761904761904
0.1918778969813221,560.6734010027005,1.4352454546875761,0.5273375698132386,0.6748018722902278,0.89264203952859,0.8077014700427807,0.8670149447406108,0.8363078539553327,rbf,sgc,evo,8,23,0.545892230594569,0.5979592841271261,0.04712301587301587
0.19592552393636145,535.3078899842313,1.372219485723691,0.4813645549241863,0.6758508917019471,0.8814106339335344,0.7907475532182079,0.8783983039818619,0.8322715556918624,rbf,sgc,evo,9,23,0.6701135972254786,0.6462023590057914,0.041666666666666664
0.18824837517789328,510.79968353477904,1.4253329094584855,0.428722273742446,0.6709211269565716,0.8716328213372508,0.7747694968978623,0.8866844026142127,0.8269576769140912,rbf,sgc,evo,10,23,0.5992406476006394,0.7447397722289814,0.03819444444444445
0.19804005738598407,486.82545336828275,1.4145462345530746,0.4289685132000407,0.6798508117971979,0.8706160733069666,0.772994595358903,0.8968428509822524,0.8303259436589504,rbf,sgc,evo,11,23,0.6392259710067375,0.7332619470249062,0.017857142857142856
0.1786240730248181,466.7381348201654,1.4057146574493704,0.39383419575289746,0.6653908568520428,0.8557997329549346,0.7504541850183514,0.9011839413551636,0.818941206868171,rbf,sgc,evo,12,23,0.5273627232051578,0.5126018219797622,0.03571428571428571
