feature,coef
shift_pct,0.7931152230702567
structure_anomaly,0.6817620392453573
log_total,-0.5417458024366989
market_access,-0.423783150007349
share_Общественное питание,-0.39352241515806347
network_event_share,0.24555477202207376
share_Здоровье,-0.20107614731207954
share_Транспорт,-0.16436258098920198
total_growth,0.07031700648488126
delta_share_Транспорт,0.05036682192737555
delta_share_Здоровье,0.0460218337070988
delta_share_Продовольствие,-0.04221367186553333
share_Продовольствие,0.03684165228109952
delta_share_Маркетплейсы,-0.022104027338458933
share_Маркетплейсы,-0.01347442712687239
delta_share_Общественное питание,0.006960878243297219
