date,RR,risk0,risk1,events
2023-05-01,1.0436833470057425,0.07290233837689133,0.07608695652173914,148
2023-06-01,3.1568325965788966,0.0502283105022831,0.15856236786469344,152
2023-07-01,4.335124378109453,0.043059125964010285,0.18666666666666668,151
2023-08-01,3.3186688618390865,0.05139882888744307,0.17057569296375266,159
2023-09-01,2.233881218496603,0.06004002668445631,0.1341222879684418,158
2023-10-01,3.0899631015900826,0.05530832803560076,0.17090069284064666,161
2023-11-01,2.5634888438133876,0.056179775280898875,0.1440162271805274,156
2023-12-01,2.4556676611929764,0.056194989844278946,0.13799621928166353,156
2024-01-01,3.0619264203245686,0.04876419505678023,0.14931237721021612,149
2024-02-01,2.344049247606019,0.05704697986577181,0.13372093023255813,154
2024-03-01,2.3186721991701247,0.05905511811023622,0.13692946058091288,156
2024-04-01,2.2303674192120404,0.0598404255319149,0.13346613545816732,157
2024-05-01,1.985773624091381,0.061182868796736914,0.12149532710280374,155
2024-06-01,2.730295817749065,0.05716207128446537,0.15606936416184972,166
2024-07-01,2.374865735767991,0.042740841248303935,0.10150375939849623,117
2024-08-01,2.040794243358762,0.061585365853658536,0.12568306010928962,147
2024-09-01,2.2653688524590168,0.06060606060606061,0.13729508196721313,159
2024-10-01,3.8793423957244104,0.0489375402446877,0.18984547461368653,162
2024-11-01,3.2909327009936766,0.047556142668428,0.1565040650406504,149
